PC1,PC2,PC3,PC4,PC5,PC6,PC7,PC8,PC9,PC10,label
-3.709767721615729,-7.179955879187531,-2.937483463890969,-1.1054764072288499,0.0600665637273609,-0.2811292789284968,-1.6238896938405987,-0.8398762466382645,0.3176267152244512,1.3457530945876042,normal
-5.389073300950851,2.1925779084699952,-10.335143880109198,3.8250611704910646,-7.581918473395344,-7.638368297113741,2.3871405216116375,-1.4049420729255988,-1.9980374638838312,1.4272357674641707,abnormal
0.9664971198733024,-8.015031768886088,-0.796561957367042,0.2939549241921944,-0.1830093710305721,-1.1892062336243268,2.9077261914772894,3.6628424955294143,0.11826028244245389,1.0782393484017,normal
-7.937567401815188,3.99640112899443,13.948370659998293,5.210394452056164,5.9262513649794055,-2.709054843245696,-6.8741616807756944,0.04931441913978145,-1.0424514847637563,0.882147875900168,normal
7.371925147688929,6.693760284971905,2.718477417509612,9.407091686656027,12.7151600208994,0.8167013638547218,-11.285283584827857,2.8004231248148574,2.2858524338004127,0.8285976990811166,normal
-1.4633480987583911,15.489944522003443,0.2449960921053041,2.0229473913994243,13.639203884150689,17.424611685894074,1.668949886725655,0.2969573517858185,-0.9889336080151185,-1.1412622152385405,normal
-1.863041025126152,9.562691908297975,11.00708168872509,-15.060978361859304,4.350890877263061,-2.061087347163016,1.5554254592796808,1.2553560423399515,-0.2425081202029533,0.4411824143164023,normal
6.09579805225103,12.635092801391258,-3.032816108938927,-11.06567209537584,4.185763574889924,16.880553152479155,0.07585163619912162,3.171378557138873,1.378987768596848,-1.8382371836027995,normal
-2.3982272804369655,4.911475871813518,-10.46342410977606,3.607631219947946,-8.230261950690041,-6.1730118192422605,-0.668644343402282,2.1911336996000537,-0.3494810070483282,-2.341061748729963,normal
-6.281008046707379,-10.863307853127342,-4.725021749244513,-2.1968334323355845,0.9592098224754491,-0.9754022055048119,-1.595589152200542,2.884531766432551,-0.8221782396929334,-1.547463070740833,abnormal
0.4683936169634333,-9.119292385228915,-1.4188194661668134,0.641836523426441,0.08828023406427425,-1.2647033022022682,2.921664848215117,2.422320155860644,-0.5299075433806275,1.9823044131675305,normal
15.389470678828278,-4.5982999665693916,1.76493940208625,1.4369773035991102,-0.3345763442354174,-0.9982086995809207,1.697462141140258,-3.442709907007702,-2.107085005221538,0.23241750989436316,abnormal
-5.90901321215355,-10.622890043980888,-4.790193611444987,-2.3004716442586752,1.0149649368890925,-0.9162570120004978,-2.0205959525221284,2.3840367614279585,-0.8244973229688407,-1.0046653973403703,abnormal
-6.289957134821007,-4.085382623221652,11.99447262987201,-5.511476968052166,-5.3091870642283325,-3.7528429715903853,-3.1741724113869023,-0.24264517411662853,-1.563201797114019,0.8883850409005889,normal
-4.24295022531226,1.1850825701162138,-4.009032842021432,-11.893035843273845,9.076109237504623,-0.3176930639605529,6.082389408127282,1.282810148712018,-0.8409751845404992,-0.6267143595192884,normal
-0.005079442090470245,-7.464549057018356,-2.9489973181132716,-1.4033341718931465,0.5237759747788419,0.7654556615129331,-2.2803275019990266,0.7146083362536393,-0.41874569440594533,-0.8292863913334669,normal
-9.605382556725894,6.5355484161987425,4.587959760644054,0.03358303817172504,-13.66668733247304,-9.570820694685954,0.23544711429889514,-1.7640093634859624,-1.7715786938893097,1.0676738359708877,normal
10.438670924426397,11.026593315491874,-9.116490644010877,1.8458844335191282,-6.850179103647834,-5.080403946904956,-7.194499159015332,2.178895656608822,2.0756739855669575,0.24648732586263392,normal
10.035820775126824,-3.1279669712767597,-1.357298880243513,-0.9327851479010151,0.5763871616477187,-0.18239382131762458,-4.892441422636179,-3.0488665225243863,-1.1819540992996267,-2.510663687518858,normal
-5.060280638014694,-2.8798872500047787,11.43080812073207,-4.855087394289215,-5.667630052559891,-3.8133340598181147,-3.4440049338699787,0.2218904125622979,-1.271759581192455,-0.40907666597706704,normal
-8.525790823375921,16.69831818658799,14.47399932340867,-1.2187708689315517,8.197942785281116,14.201780557807744,2.2634904161744753,0.028904154491585596,-1.8870113127036627,0.11421556546773087,normal
-2.704938673134268,-8.865777298103595,-1.8997553971934924,0.0871205114990258,-0.3893980008453086,-0.9876442168552575,2.4043229683694523,-8.486978122681673,15.040552708137742,-2.382747020551386,normal
-1.6133200353739594,10.070726933722554,-0.0313685191787066,0.36974675050929634,19.22034491436484,1.3645776315346445,3.66952879221701,2.9125349786814536,0.07188156027655587,-0.31698030023034457,normal
3.5299310270706807,-2.6619818145604746,-0.21882933485396053,1.7902218016486955,-5.549596173929525,14.964893412419231,1.0098310437835296,-1.7295833605953934,-2.4198885793014324,-2.4180398264979304,normal
-4.646339207986169,-10.526466994171619,-4.459031093789227,-2.028060672441759,0.9115373318213011,-0.9722633650126512,-1.3792107948470858,1.5750861625832075,-1.1867097840837615,-0.3006138246747941,abnormal
-8.118735750417374,-5.2674621362658245,11.542826669405253,-4.1664635089258,-5.234895545535517,-2.814625893496934,2.35345565736201,-4.296305407419454,16.023710349471216,-0.2520861859748745,normal
5.795348286258326,6.408999410863385,2.2837492862388276,8.18714480054324,12.7352532076264,1.0720841014791516,-13.404017965043899,1.8908069913653793,2.115293243846315,-0.8527945064008435,normal
-1.2437161292306471,0.25485113320146896,-3.4820392675832035,-9.248043979680363,7.5875679521826065,-0.7080846221789747,9.962084338507031,1.0106976726989538,-0.8972635744018403,0.7051651296383822,normal
-1.1692831639575039,-7.4773507580603225,-3.0894518138723357,-0.3698027971571698,0.09831130546356863,-1.2579783331882861,0.8610873773865676,-0.5668229850568675,0.35250364915797405,-0.4270350529202214,normal
-1.9201389421799717,-8.435347934056363,-3.3086496430514827,-1.5192840392573705,0.9545713347490217,-0.5322792966274618,0.276308791126988,-0.8384745274046809,-1.2111880273837452,0.8814937940208903,normal
4.197537171020012,-8.934337246841743,-1.4122988189922596,0.511725942815621,0.1655900130657554,-1.3854907469571855,4.344900467647486,-0.9081991229167441,-0.9669677572948633,4.907147498798985,abnormal
12.345636453414006,-7.29912102199916,0.4909662599757526,1.9448188957032204,-0.1359159971228896,-1.2994880529309047,5.769312517424279,-3.032654420400305,-1.850063323839049,6.168274203846577,abnormal
0.8695327958529556,-5.854938867426647,-1.8413178314061052,-1.4118412353207526,0.8731928697167345,0.2764393372776196,-1.3281215680292178,0.9279664196959156,-0.171441260575747,0.24812880377255034,normal
-1.9891551646971815,-8.191140772507824,-2.3165401232340943,-0.2720077664873671,0.9768214969964728,-1.2224837227889482,0.2065668024256574,0.15687554638705722,-0.1775124438873885,-2.3600944227744374,normal
2.3199352304180105,-8.620731951393179,-2.103701240703082,1.070288617866042,-0.8119071058792667,-2.0146394553149825,3.6336896744192204,0.7980676363675393,-1.0083535099349343,3.5089435682478376,normal
-2.8239579035739246,0.2774051072707751,-5.02168421926842,-11.865772259839975,9.089346015048442,-0.17567376585114713,7.966073059271811,1.5381814802129694,-1.2547536419693235,-1.3329848813285092,normal
-5.675138786341761,-2.0649931116969578,12.213932054895297,-3.590205551144636,-4.618269013847516,-4.183425580392644,-0.6634069635069553,0.03008019918087539,-0.29872303575181663,1.6418358730363054,normal
9.720732225004307,7.135408414413597,-3.964934891770427,-11.985433160694816,9.020141557808264,1.03133660870581,-0.4634948066632798,1.0238346386568664,1.1930620952665503,0.08644441936708866,normal
-3.0402253542918265,3.998583738429373,-9.793707328608251,2.8846187989725935,-6.047549965740492,-6.753933559127926,-0.7037516277711947,1.2951805522925721,-0.374852353530272,-1.2146666183563388,normal
-4.170451384300822,-5.517158292087952,-2.9130244785872526,0.6183763384826241,-4.948586000889776,14.39289152828423,2.6179318388027455,-1.1106718546054246,-1.481501878698922,1.5783891974143338,normal
1.585751019186038,11.143561752839057,11.680076923191551,-15.803321657082693,4.809229097512198,-2.3820848080573853,-0.7625866542455164,-0.4514436178612575,-0.5500859557802936,-1.1046513711150792,normal
4.956992890334949,-8.444930875754643,-1.326899400219755,0.2326177276489015,0.09623673151155386,-1.3072618331939208,2.10412737267253,-0.44849556812404584,-1.5133769391188128,1.0652494520710556,normal
-4.531084126413626,-10.294821868344174,-4.379957055332535,-1.9758913420760664,0.9235804152384283,-0.9577670960769207,-1.5574266896982512,3.0866485851261833,-0.49281481625974394,-0.5916411963276055,abnormal
-6.872001796618536,-3.9112242707757825,12.362760583671907,-4.2056627952049555,-5.508147067043983,-4.025264625778932,0.36944835954761146,-2.337178985310011,-0.9958101628494692,1.57193344648258,normal
2.833981344818131,-7.228324993798079,-1.4033913794717738,-0.9748927100818694,0.4520502438895705,-0.8890337436375609,0.7900078481422149,1.841538399855695,-0.2897210716226112,1.7127353912288048,normal
9.432080518254462,9.459666026348822,-6.534370529997264,3.3044162003837343,-7.311499166338725,-6.896092607384119,-2.1362001923786766,5.243215589989443,1.919791310020814,-0.8606916413353589,normal
-1.9302237837677327,-7.025902616433863,-2.8556274207713352,-1.2142602441936945,1.8884090991059417,-0.9017628740691931,-1.3760192879357913,-0.22619834182827148,-0.9876083770865703,-0.7415266642919264,normal
0.03316206336058906,-7.930825990472394,-1.8572963614781774,0.6684025551974696,0.7450206326039247,0.1530428171695994,0.568696376727925,0.4493420124945453,-0.9195006990655797,0.5878430277841432,normal
-1.1834276265245944,-8.463221697428335,-2.028062814587678,-0.11107924336828737,0.21887098980463005,-1.2418555978634163,1.9050449115983716,-0.5767356382813532,-0.9841978279258655,-2.42253428355341,abnormal
6.548406735447734,-0.912298522052009,-2.047610087836462,-1.9576129312534583,2.150767702116723,-0.3308561498340458,-7.78902524703033,1.5985260875563736,1.1629895514046942,-2.505398413987931,normal
2.275877076516574,-6.816378395899777,-1.2475200965265834,-0.7994062033238523,-0.7885140943323212,-1.0039144146057002,-0.4817324009340071,-3.2073296195953067,-1.9394750397898963,0.3009160778692083,normal
9.500286439388294,-7.554271966283024,1.1951513205524356,2.190941607641623,-1.0528832714766818,-1.75166876764387,5.495072678207114,-2.356296170106676,-2.7913311820543805,-0.9940470216210273,normal
-6.088597841725988,-10.585233918020903,-4.780539208239851,-2.4111573915497666,1.0520206912730656,-0.8479574337521059,-2.205929678467256,2.7479157166926185,-0.7931226789490707,-1.5432197384496529,abnormal
-14.384276899807887,11.70950583203156,8.264161964568288,12.23698061666616,-2.9622720825820945,-9.787478077275997,-0.6681117388481121,-2.400492410255203,-2.922137160276392,0.7382563862105304,normal
30.695235203543962,12.214218793571,0.7523585580684241,-3.6951974391459994,2.862122518720313,2.643689768023363,-20.519034237049723,2.6005511709799776,7.054305038014345,-0.2635230626086907,abnormal
-4.917786827058708,2.3713288843451115,-9.58190758833259,4.273480579481971,-7.790861078023591,-7.17212269630256,3.2851415326282596,-0.7578645719431069,-0.9598103200724927,2.4155907442881586,normal
-0.9563418003524483,-8.423212460098522,-2.0037940804360734,-0.491020022275385,0.14361154080147406,-0.6326229217136855,1.771032535858792,-0.256743206380595,-1.2772412107129048,-0.3698741408458477,normal
0.10150951830588081,-5.489146758655856,-2.7207965531467417,-1.026030747776723,0.3325240977982181,-1.3713330580225391,-1.0428899731592447,1.8474403380078124,-0.08901200282791429,-0.23697692766135287,normal
-4.7426515280238855,-5.088947650033582,-3.0963568336695073,0.3597546901954959,-4.194178333790518,15.407290290055775,1.4770030789468886,0.6910043455899444,-0.5004104391774337,1.337989038684064,normal
-9.93228023409451,10.784393974086376,4.327242536680593,2.3923677374985206,-19.074517114481438,5.5495676266587335,2.391981874780007,-0.051566188384181706,-2.062345093506397,0.9342088353247202,normal
-5.787464081295275,-3.1928284430997738,1.6090925076600453,12.131408372800145,9.801460605031213,-0.2927756496911737,0.6702282707362102,0.32173781536436996,0.11200024141157904,2.566410592974544,normal
10.875642660281349,-5.344324739864691,-1.9719185575615246,-0.603390078899762,0.011305457190197491,0.7748660616117968,-1.6518915236650833,-8.73266672985322,-3.174753996396692,5.432490176483518,normal
-1.4750565671975215,-8.694842759797107,-2.773519872978934,-0.724293898876765,0.1849991266944707,-0.3305233346957556,0.7299134794182068,2.3004089970735815,0.7761688369151503,1.035137050333294,normal
-13.97641538336935,9.927512695799498,14.173188319547874,-3.325446329286295,12.720091610961713,-1.4849509649102406,5.4098040199504105,-0.36830422800490237,-1.3805507111051882,1.209301555355891,normal
-5.637195597171303,1.954887027652214,-11.150009342203894,3.0009737522674835,-8.002695610645603,-7.072920854184901,0.8226446292887475,-0.5917265963860785,-1.7084029161087377,-1.1184852101069578,normal
-1.3014416929728585,-7.70625469839306,-1.8520012622445081,-0.7585215871210971,0.10260447165951747,-1.0324155997477478,-0.16504882688521982,0.445497944441319,2.6187327578956334,2.5248848898355494,abnormal
-11.68378055296258,14.685662943029156,8.772309290131357,11.917450699682897,-3.656538113444011,-8.875244233244164,-2.7378558300940643,1.2521087436979446,-1.141189687817073,1.739321538339946,normal
-8.590056794108461,7.076362891549947,-6.31089561351712,15.267080534026414,1.3591261500666372,-6.979933345285577,1.9569462476917823,0.5573045728907017,-1.4311603555871777,2.41994910785951,normal
2.2122558376961408,8.312137069457098,-3.720202369033924,-9.41840838990268,4.641266021061873,16.654573302586527,5.756006106004146,-0.2820804384354699,-1.4056792693861955,-1.02489721592719,normal
-2.936186659824786,-3.6538716101078923,-1.6626534826979957,1.1050690356842756,-5.573488921048402,15.529813893786331,2.384444074528396,1.2160852198530603,-0.28205884517851254,-1.781170343807517,normal
6.041924967696458,8.89442852219959,-10.557405518167078,1.6979217607795607,-7.067774196836299,-6.581682945875135,-4.935699487935652,-2.4842550571698756,-0.5278011471512741,1.131666139402093,normal
-4.916989878907369,-4.067511108207682,12.599788161012514,-2.144911095867839,-4.987724945976185,-3.431637192427597,2.217583623785968,-5.561466989847801,16.306161487235055,-0.35703903243457435,normal
0.48319099145744054,10.902237016248126,0.22196799998115851,0.39544094949247927,18.46433088271568,1.3603686672101214,0.46705255134424656,0.878078179188503,-0.3698620964357663,-0.7771154497400647,normal
-3.0561601363196096,-8.159296322312123,-3.0662965252877425,-0.5885968488665413,0.13178005461035758,-0.9853601045026652,1.0662429114384626,2.312904858303351,-0.2761179522899899,0.03716375294492156,normal
-7.313223056576774,-4.604454220141979,11.647463824732133,-4.434161892770457,-4.7076924341177815,-3.6109917245220875,0.0516698374402351,0.9947075379049817,-0.048394034211338005,0.5941081139983088,normal
2.0247807550325083,4.33002724906206,-5.163089914860217,-12.228654254980997,8.796105698245112,0.17050995493177729,2.3193340720782802,-0.8691416003372878,-0.542525629207671,0.25131747830780027,normal
7.238505655189457,7.678365890059206,-4.108980590069297,-12.215717035048078,8.867833930740106,1.5998862287319613,0.9119393471495784,3.472604256359415,1.5876056429937593,-1.4458427780657892,normal
14.702909623611893,-1.2431326535927467,-3.6025649768309234,-2.599596675425983,1.095642273067515,0.20042911150912407,-7.09966036906653,-9.707203959406222,-1.0244327423581716,12.898459242490741,normal
9.386692221734156,10.93311642548537,-10.282433400008644,1.0420666569317936,-6.6427584402510504,-5.80999848846577,-8.782342442685966,0.6794492667504578,1.5574328550357268,0.35484730184505753,normal
0.419050017686008,9.325617225897041,0.43943395298113386,1.7454778020000328,18.765994125533265,0.3212060552023206,7.219704621849735,1.9352509528748418,-0.9185895165079141,-0.06357005978250128,normal
-4.868208343993786,-3.655273821910477,12.744745334880163,-2.257715799122133,-5.696476208213739,-3.5743324940374492,0.5942185232036187,0.58075987835313,-0.26601932730348254,0.2164435662654112,normal
-1.0012198340211695,-8.176622273715973,-1.2345609132807023,-0.47928933955634156,0.3411481761039295,-0.6328492647755664,0.5989884402003731,0.4723084104660324,-0.8780087052021835,-0.900346763332932,normal
1.5331384055838522,-5.802515350914586,-4.238753525606503,-2.2650862775584732,0.5947992677325611,-0.30199458706845494,-4.0551915680770785,-0.7222802739859056,-0.2816030919422762,1.8572913975470633,normal
-0.3755794363115881,-8.57980973506812,-1.3891150404651718,-0.4121437614902616,-0.0914901902228136,-0.8910549636999712,0.7093635294680047,0.3492570127890205,-1.1609519940337596,-1.0166849001292504,normal
-1.632771114218151,-8.383211495594054,-2.264927076374701,-0.9292371327469867,0.24905690178941386,-0.8410764130819935,0.13196872753863512,0.8463772478647362,0.7108811058191106,-0.2221759773048044,normal
3.165196140351005,11.682433065022929,11.238916356362878,-16.207434924134887,4.844726174101174,-1.1274348361853888,-2.6878108393416187,0.9018984828182101,0.5071156524898082,-1.0439580256532919,normal
-13.112216739961108,9.73643684736337,13.447582758215791,-3.229525771422433,12.291071061950541,-2.6109829140996177,6.136085540578887,-0.19638267303778853,-1.432068933008517,1.638633015639053,normal
1.4063842764365073,7.935385447270644,-10.43443952744648,1.8551483317674013,-6.330332264450176,-6.538861810291451,-4.533438654156348,1.9455769447624265,0.539476610406576,-1.1942913470978314,normal
32.1563814361261,-5.475824435820194,10.366806347271922,11.97832065216317,-3.9948445993206687,-3.385461548777251,19.021641624067488,-7.274539354917479,-7.48864207859061,-25.24512072038872,abnormal
-1.5600007895544659,-8.286286934493983,-2.398817699230366,-0.11508459270601885,0.4428308775419441,-1.0038222994182149,2.1810474104386572,2.128128579597629,0.38307669194328764,0.1992827040014576,normal
-1.7814247726455248,-8.508777138351258,-3.2033985311342503,-0.49106783612882865,-0.15078300369355904,-1.4495218239877508,1.0015934040741898,0.6550079770023656,-0.7935050335468766,-0.1509065556887858,normal
-10.70031105667781,6.736031554919703,-6.059331805814267,14.373805122122805,2.844230234325381,-6.15753070475159,1.048743418257128,-0.34174618284054925,-1.4257321845190147,0.7404321002852022,normal
1.2363353029664639,-7.093427668728267,-2.852588184546911,-0.7221784914685684,0.5726012587431142,-0.6600815119205662,-0.8224272438515825,-3.460324051397597,-2.3786111174239024,0.8230064536902347,normal
-1.7199831739718996,2.329501132586605,-3.835461909470822,-11.43017481013487,8.533653670328981,0.08402736849237913,3.817192362083596,0.21266810521067966,-0.4655225880481975,-0.7629376473556201,normal
10.715014127504864,-1.7886339246927898,-1.734380065755562,-2.16715231052003,1.3208634665880539,0.9692784990949418,-6.313161460191334,-2.7536651503789598,-0.5187428892028147,-0.6963457381211718,normal
0.6917925059953041,-7.64152705990985,-2.2149129456210193,-0.8597656604299415,1.284152799669183,-0.8413623480279689,-0.11739689252560494,-0.3798809514556138,-1.1369511802731238,-0.4734008735837925,normal
7.647430445572916,-4.749244848586475,-3.084486075643207,-0.8709663316417858,0.0067015701816,0.2388877288646667,-0.24274428777488277,-7.655682964473921,-0.6463652846444119,10.979928258857141,abnormal
-4.410305317887307,-4.336452293846316,12.11091391066086,-3.422406478546747,-5.217503755947132,-3.7810596680321455,-0.469602277572399,-1.7054484891839696,-2.1985306249349548,2.032408738266314,normal
2.7815773702380846,-4.091493626545455,-3.596097904621848,-2.0936396951540788,0.8330087585857893,-0.12482105605318305,-4.179726429528881,0.2705325103896886,0.10978134048439663,-0.8297236097161702,normal
-5.8212477840299615,-10.966660201034307,-4.621250513917545,-2.073116906936754,0.9347173920310218,-0.9881794580570924,-1.2473273342231004,1.658719615460032,-1.2755959064038787,-0.7703624038467719,abnormal
3.7703522419257034,13.83055609769594,0.0042586410464142644,-1.51986844954062,20.11657882975955,1.6293552940787788,-2.7896259119258286,1.0758729523141886,0.8592947037236535,-0.8035184417302799,normal
-1.3936577024636663,-3.5155903009306946,12.241348852600094,-2.1635049869489227,-6.541209163456523,-4.471009182487041,1.585982345144806,3.496029240319033,-0.9644630650158441,-1.40984824332244,normal
-3.203664948778536,-7.305506756957219,-2.532205030057234,0.061409693872734226,-0.44071272287412366,-0.5210686913430934,0.14333849391076425,1.0851542904762224,-0.45351486814088304,0.0024980994886771514,normal
-7.555635119180639,-0.8421914354361641,13.392688865522622,-0.9021597264646545,-11.177256273340873,11.94239925222117,3.1780344741179,-0.8077495235297626,-1.1720167186495465,-0.25701764701658675,normal
-6.637342856845454,4.279139891849906,-4.738991245501539,-9.24464778025198,2.479544166100826,15.98183020115264,9.496472387939692,1.6283773239609398,-0.9138869136251423,-0.5132778045716763,normal
-10.011159904038353,3.541724154950043,10.281676418562665,-14.447993766998442,2.8954966013660837,-2.5135664719230193,10.638317842973644,-6.3110233076252635,13.82797170827045,-1.4527275879507744,abnormal
-0.26220531681650305,-7.778578544884266,-2.1852492246506743,-0.2331485147658998,0.8154996380353097,-0.6164157895697936,-0.017092840582405632,0.1160966544642463,-0.2763311157932856,0.2805731903920053,abnormal
6.44669045844678,9.1735751547757,-9.481956012026224,1.8993051140443422,-7.00836529570383,-6.545275689245499,-6.260619517163854,2.5193301169269504,1.232465117690669,-2.0177445489373533,normal
11.06787062631171,9.002191352292975,-3.076922081180214,-12.924085940838072,9.538935792452513,1.9521215761590496,-0.7363369252282052,3.9652080445907414,2.312146613465426,-1.2361535016124732,normal
5.4364844622159465,6.99826590090825,-4.6310564914171,-12.767047244608344,9.020648591140539,2.1716158841992192,1.1063133802799299,-0.06466004237447918,0.12062469164085868,-1.329886927100435,normal
-5.31020895447851,-10.25144054692074,-4.618724928549356,-2.2282187090084564,1.0461136046570685,-0.9121646389968582,-1.9979570748405915,4.101806730422516,-0.06897129076815636,-0.6224141098172502,abnormal
-1.4339657618164037,2.8954567544592957,17.944227327697142,10.079771316123239,5.6792122869846215,-2.8322238301822957,-0.3511484554615504,-2.815267106273559,-3.4877681465047683,0.7759038235143224,normal
9.540639294991918,-9.58201330616406,1.7634527968616165,4.149966728512079,-1.5504719174192918,-2.573124750127274,9.687263631925967,3.427184339337705,-1.8186551207252346,-6.5958423418320695,normal
12.614284707679044,-1.1112447542846056,-1.9566237625317564,-1.3414991623940633,0.34189372407165153,0.627530711273149,-4.308532984021879,-2.0500650200326507,1.468772806216357,5.022087269622083,abnormal
39.05194791928417,-0.16213187079852248,9.199387089474296,7.905419951969796,-3.1387357966657,-2.0570640289955113,12.268447061247471,-2.9094597049012565,-1.9528638124970856,-1.656949456930911,abnormal
-6.38541923858038,-3.0047278823396026,1.179500627451797,9.57954857830802,10.790974015847565,-0.8208254222761684,0.12053964318964758,2.7459517885888842,-0.27395641791399233,1.6762886507717665,normal
-2.927599016373628,-4.062354378832908,13.335831766779773,-3.6529534855953973,-6.050074391309037,-4.222961918870563,-0.16496188436000547,2.34833708390054,-1.2120933683136657,-2.014239573535416,normal
0.10817877302003598,-8.510952473410367,-3.216631673589308,-0.8228806390923965,1.162966649063335,-0.38886264115403574,-0.9226875909408642,-1.825473177583717,-1.419284533751012,3.3405783886325855,normal
-0.9750289492180728,-8.630293146975458,-2.9790634603940203,-0.9960887979022514,0.5410316757800645,-0.18115180843589995,-0.5632941066986114,1.1017522944219,-0.1821629034316271,1.3717865926597648,normal
-3.2129579139575233,-8.329097881696901,-2.95722633092054,-1.0571329510256557,-0.21987299545634023,-0.948067351999528,-0.45466311776143625,-1.1278273843744302,-0.8077184113687703,1.1747673285447544,abnormal
8.945708185190266,-3.9900142592652803,-3.0938481994402114,-2.273577099937135,1.2573130534377452,-0.19365273424954055,-4.607007042587768,-6.034969302109937,-1.3057502368664193,6.742942156863969,normal
-1.1788287901212462,-4.917987755400369,-2.8534815748884848,1.154153035116356,-4.847201734078792,15.37267894566389,1.7490152930232832,-0.3286157923779188,-1.7390473921119967,-0.20923863481372484,normal
-3.0877005677404483,-2.8318968462374543,-2.8739751761957395,0.48424785975053897,-4.449514606573203,15.641533763928399,-0.33433901566597657,2.505011719034235,-0.38544673052238004,-0.9416497940057886,normal
-12.925068792380529,11.485560578344064,9.59882284258408,13.35541074929658,-3.936374572543608,-9.852123164739922,1.1367871125508127,-1.012567235442539,-2.3007382138368704,-2.040967126718482,normal
-3.615395728434132,3.1000709424997255,17.739566765342598,9.305233749659207,5.181753994472675,-3.2729148826592613,-0.7388119611913164,0.5771563125928417,-2.1918782119417193,-5.394306457112482,normal
-4.510467906675899,-9.827884925190498,-4.659736383352721,-2.4094938886521278,1.0959575907328256,-0.8402972939356401,-2.7009433626197845,2.736479549301923,-0.4419750344404552,-0.7272714184902469,abnormal
-2.161729295682231,4.720258811227485,-9.774645887711316,2.880982929242976,-7.981445010466667,-7.277512646990799,-1.4607620359299904,0.764990964750762,-0.9350393438979185,-1.843756026177198,normal
-10.265036232134497,2.6818509391605185,16.30046833762172,8.085218732584964,4.370492086640992,-2.9539920609677983,-0.7264412095556715,-0.8144257390709674,-0.9969328993498233,2.7820307169209477,normal
1.5959646412411679,-7.54445711145287,-2.036354138855379,-0.4297016145901139,0.5331782446452744,-0.4290832957292974,-0.7586257134817528,2.5243031059278804,0.4024466141516837,-0.6692267626054714,normal
-1.1303094922361545,1.8780548229132072,4.089933623718827,13.893664946485366,4.562505187886276,15.553308354099801,1.0421231053418605,-1.1490515648549915,-3.2376131799585326,-4.858512001497915,normal
-5.938374577760896,-10.777164938392007,-4.6541636068507275,-2.136724787291644,0.8885737126840288,-0.9712018138956903,-1.4722360454521464,3.3063336880196883,-0.622676015926278,-1.229926084161223,abnormal
-4.583778129849908,-1.1291028456012064,1.3982924085382082,10.660445441678405,11.243924139680395,0.04595635749646828,-2.583864627065163,-0.9961827423319515,-1.3730854353574187,0.1886544546223662,normal
4.5058564286714375,-3.6456960069194606,-2.7080219731685338,-2.0082490520165,0.9451780690429853,-0.8874188912009753,-5.0658375198427725,2.995898464566817,0.9467420083787647,-1.6980790819495208,normal
1.3218225770387468,12.352185119992633,-0.9670496799209136,-1.619770937030978,19.42179206531416,1.7948709056656822,-1.423447825214542,1.6725762109573954,0.7803054382281006,-0.4230346526169376,normal
-4.330805159281958,3.234160232706072,-10.659350436415206,3.029498948427779,-7.490338595089616,-7.337736707434052,-0.43530767018999467,-0.13952538739154688,-1.1167643149912558,-1.4358999646916095,normal
-0.7591408680223957,-6.895748404427014,-3.1442413570189323,-1.0973284857474137,0.441561045046054,-0.7324418453093104,-1.1331446743875166,0.9801070456453645,0.44845201329082096,-0.31076423536737835,normal
-1.2355035385290734,3.2836225799745296,-10.058277091474606,2.792154492493088,-7.129022956074008,-6.591260256171764,-0.01880742619929281,-1.4807719852151933,-1.8275802061914022,-0.6274842570566764,normal
-0.8849204628790223,6.496368251551253,-9.787363508931094,2.282600304947572,-6.964472599247905,-6.289630254281156,-2.585386826665523,2.6528636442111315,0.18202789031523597,-1.1189067763718854,normal
-1.7883993449361264,-8.363183762791923,-2.368098330864337,-0.8703278703944517,-0.08929306928880028,-0.5945179833249753,1.4595800158683243,1.88491750612765,0.59117962944574,1.3103862552433003,normal
4.433397557518419,-8.742679642406111,0.5491424807545132,3.3231448075452295,-1.358364252330013,-2.4162720457207114,6.100834203269142,-3.4197547679851894,-3.716333567721395,-9.67222299574061,normal
-2.0131851452226446,-8.025959332204142,-2.348618054127308,-0.5734894970934203,1.0412741281273545,-1.0780104319472417,-1.6082548069856675,0.6865642255078548,-0.470868246449944,-1.0488159080349524,normal
-7.739864336595766,6.990132858258275,5.097604277631264,1.6692110837783867,-14.103742894219183,-10.901584084860914,2.4980312800824165,1.0270473417260697,-0.5281911276437531,1.452548356529867,normal
-5.374203086516301,2.4046806045607436,-9.31272784797042,5.671467223901767,-8.836374251216993,-7.313271500271985,6.634229698714857,-5.1466256254112475,16.133283223983057,0.667859808518003,normal
-5.880783286370863,-2.472731314962148,11.751279413878278,-5.08064704251558,-4.214006667625999,-3.7332713421269266,-3.130278649872752,0.8839116496209368,-1.0236872082864894,-0.5474368506009121,normal
-5.9344352725118235,5.956328968475257,-9.510603036080997,5.306333079001224,-12.792123694745127,9.11234999835172,2.1256707387895655,0.12052724741660632,-1.2956413610961042,-0.7659358225654058,normal
-3.8008322534317713,-2.320835157700888,11.07593995919616,-3.999668238435167,-4.437036142388697,-3.691273665473054,-2.64897225071383,0.5238441531679728,-1.1658779524053007,1.4888672525069286,normal
-1.1910958362008623,-8.024672805816722,-2.742832088240319,-0.2110180276504141,1.1066212849361599,-0.9319280736592779,-1.5343692789471315,-1.9115645576192637,-1.2986483008726093,0.5822180688907614,normal
7.416342727039253,-3.831232903566944,-2.323744768711535,-0.880226232867372,0.2607660940163948,-0.9144620818784291,-2.273524720484684,0.1934231749681874,-0.10949684547919952,-0.17275180109729527,normal
-6.650380918330539,0.6950079425757038,12.519458359365123,-0.7349477350818463,-11.662266028854662,12.599994336267752,2.3852999958400942,-0.2677006053105874,-1.6223727210525527,-1.8004288043479864,normal
-6.320520688181586,-0.420746482260046,-5.803235680419943,-13.696096782047503,10.475267279384314,-0.11229833735302235,9.192533865217626,2.33122785050443,-1.7156174960996275,-2.369197447707809,abnormal
8.159218886902098,20.1738897929165,-10.757435914789667,-8.085119971878754,0.9819748019147465,-5.162405562513962,0.4904860669160124,1.7037942194905944,0.8337988182856708,-3.8137856629706475,normal
2.088392968522912,-8.277650693254325,-2.980240153993749,-0.8945280527552321,0.11126614298865131,0.07034733365876349,-0.7993290572993859,-2.2967385900038932,-1.9915549788890707,0.09729991378921121,normal
-8.047150343059874,4.086801908670669,10.527627946435166,-13.687835519195017,3.487507943912319,-2.950659322140167,7.399663462255395,-1.0912441174017287,-1.2428913508040338,-0.010095174166411322,normal
-8.144858188523337,2.095367265637204,-13.209555866529207,3.512538063317091,-9.349101504051218,-8.668938671506428,0.9717042177390977,1.093793213543262,-2.0533169841285748,-0.8709430818380509,abnormal
-9.757679704698857,0.8491989009996121,16.344140623574066,7.5845894730043835,3.8264278890345964,-3.535932535977644,-1.1324694483512354,1.4986230943340222,-1.6538461787096341,2.086969593760166,normal
-11.66337175015687,2.1520054741686647,15.131439773578759,7.871926280084714,5.497160772063854,-4.0219090579631835,-2.398293698859294,-2.5219464599379506,-3.091651905570261,1.3822114556271643,normal
-5.8290242915450206,-10.8979588057906,-4.743758772456118,-2.1431610738690035,0.8828960204094186,-0.9819626183047757,-1.405473026314945,1.9786017005978274,-1.0575409481686322,-0.46022891915219627,abnormal
11.721810813344222,-4.034246539540379,-1.9043830229793481,-0.06003032500049245,-0.8232050142785473,0.1316956896097867,1.1947134576974732,-8.505782631232853,-1.7932521402707537,8.332477291178876,abnormal
1.2561074134804995,-8.121362555558434,-0.8958926358035242,0.22344280918038784,0.18411371506808522,-1.188812654307789,1.1728311136494278,1.153656996070089,-0.7853133503975025,-0.8358034446658008,normal
0.706827444167099,-7.594902785365666,-2.3671837686325437,-1.0224281095897478,0.6923171429259819,-0.5493466467468688,-0.6749541975382187,1.6074359707410668,-0.5847213669695583,-2.0758964074388433,normal
-4.785822949084306,10.78919919262587,4.410677517354812,-1.3183475883037932,-12.270887069032115,-9.78618314866897,-5.234024905106208,-0.08452457281452713,-0.9226929852982326,-0.05841864179597574,normal
-12.724562625454716,11.027772124495995,-6.161026459742025,19.191344349495015,-3.8858373595971654,9.441062250299082,4.902172580299006,-6.092039461372265,15.216851884336803,-1.2878482346812428,abnormal
9.09353824523501,7.664085372217439,-3.6670065199684627,-12.060994995828683,9.101088614732648,2.105562625846947,0.122056525934392,-1.6044047892250501,-0.25117129336620847,-1.4876143205466437,normal
10.062457623964363,-3.2256674646326537,-2.5183438449820157,-2.6236323886360706,0.9958173097006839,1.3683809119121741,-3.9699256992227347,-4.918308335305806,-1.255669245849764,5.246450513984284,normal
2.278028624961906,-4.281457320731158,-2.208264981465649,1.276255905572961,-5.452983152662587,16.25935546740913,2.610763525625736,-1.4858377457141818,-2.023642635859773,3.484507557696412,normal
6.621417199503369,12.434291849461113,12.375966042955726,-15.938100978635033,3.6645439555460166,-1.84223045065518,-0.9081401512507867,0.5728110227387059,0.473858814793456,1.9222142882296946,normal
-4.579617186334028,-4.272158411033399,12.349848654087404,-4.142143109587399,-5.516025407450039,-4.214797902307071,-0.2066379450970705,-0.3160261065158643,-1.1956296196653942,2.0525359881991636,normal
-10.066378709627038,3.098368440221378,15.781202184297213,6.663949834893425,4.402414329987628,-2.4713130008617017,-4.150709502729444,0.02285323894152557,-1.5409004524467331,3.290167762060456,normal
-2.5946988190261164,-2.9022371773278803,-3.1977410991047277,0.22978774559178902,-4.676018021132275,15.786964263321352,1.290430343467364,1.2023823393074633,-0.8642427319345626,0.2661280046490298,normal
-0.3810512521279158,1.6936456985494708,2.5458259514817128,9.732289681907828,11.0664353143301,1.5940816317593602,-6.379946318582013,2.04743471563338,0.38157293374505613,-0.17950034671157503,normal
7.381408116485982,-3.1940941556668347,-2.166457510422451,-1.9711608110659096,0.8479465269673101,0.3120246744125758,-6.258324159529212,0.8944272211686447,0.3568971989422635,-3.5592164650154774,normal
-2.865504542842173,-7.745910724850047,-2.4855112229710947,0.06410568918530947,-0.7541319136037588,-1.4220433932772316,3.231946360647147,-7.210500722422015,16.01036927280075,-0.8987993315635553,normal
-5.062806437321734,-2.4320012690741692,2.1773091947273246,11.86474190314536,10.731991405735522,-0.17893761893147603,-0.7206478620630509,0.3886783338495235,-1.222883200336489,2.602232104667653,normal
56.51352219559467,7.12843821955084,13.28633826701484,9.575468467688156,-2.9192335580508204,-1.4421834701947844,7.587052376121213,-6.839036308575093,-3.0007727662132666,-16.188876224628004,abnormal
-1.5718469769872365,-8.70514850721619,-2.93719616459442,-1.4014785241621481,0.23280552548156042,-0.7509592539745522,0.005615249349175268,2.450220975583546,0.362314167260238,0.2778114233649418,abnormal
-10.376705648368256,6.637056535357287,4.719677380243336,-0.01080353523737596,-13.503134277777638,-10.460596705583304,1.0033335136332184,1.2529508330777512,-1.1550743951214157,1.5190854844642272,normal
-0.9722661807294742,-3.446346022043039,12.944138755987762,-3.843803529681462,-5.647371781060125,-3.934008677767472,-0.8002027310268546,2.277769483583857,-0.7305660261726016,0.8851964465182565,normal
-5.068834582034977,-3.7923058335576516,1.486371797677553,11.64304298217583,10.397497414261215,-0.3192570538053829,0.6895385209688412,2.9712289959522087,-0.6051526956777532,0.8888929608975642,normal
-7.223101035523503,10.883061929019364,-11.842696528453931,-5.895714777294711,0.3323499528620227,-6.201005895135291,8.120327961269286,-0.6076118163106016,-1.7719518156337803,-1.151684045815699,normal
-4.322078917189169,-9.459615194285623,-4.626141304625838,-2.5330364096186844,1.1727283810599605,-0.7249160363601734,-3.3364905977463466,3.0697079456452996,-0.11551083323572213,-0.9498690913733788,abnormal
-0.3333080518432679,-8.092623057032942,-2.8248771489226496,-1.0396232716748144,0.5376082874045947,-0.6560606604553714,-0.9443799987562875,0.4294355081253686,-0.5651432859188216,-0.10835243058283264,normal
3.968318538738868,4.939965008033883,-3.617325075597964,-12.440114231876093,9.256278993776247,0.6025802425873912,2.9762653297960733,-0.8182542947454982,-0.7983780218470651,-1.9404731006068563,normal
-3.9679841545995114,-4.109913231402759,12.326293521060457,-4.068493307507212,-5.074886488566456,-3.6533413174200793,-1.5706006827302632,0.5459567148490704,-0.8466949240739159,0.40273698440903766,normal
-5.79850372208383,-10.620699117449673,-4.743620037925734,-2.205037850868716,1.0122738006919514,-0.944777055151299,-1.8862740966882692,2.5745089528241487,-0.7517771001992138,-1.1789809363836152,abnormal
-4.927190993730941,0.8082403473054391,-3.601873630886969,-10.947042985813741,7.45849741652334,0.525537206877744,8.161638587504587,0.9831555908490358,-0.12996267656601393,-1.3219749183733807,normal
9.782209669235355,10.00386602749085,-2.987549584821059,-12.828965132647243,9.908303978849386,1.2350577959108064,-4.019600953582841,0.805884656435098,1.7314300896324561,-1.2470890803490682,normal
-7.635827350799788,17.059736600518246,2.1195002048182445,-10.738955649259601,-4.721231208823407,-9.044867117718029,5.3714099333757845,-1.0824253661825756,-2.131066144733043,-0.42957586908584733,normal
-7.539409509363454,7.7097796170541075,4.365374631924695,0.7498772251367384,-13.43926520443269,-10.275956802273281,-0.17050691763189052,0.049627223080956635,-2.160388101590901,0.3661316601728359,normal
-1.6336620763589167,-8.702776857125425,-4.090473864870231,-2.23941423531931,1.1679117245429118,-0.7621845675746888,-3.273675855321877,2.7436225140069297,-0.3761837761526259,-1.5907485755230102,abnormal
-7.258287232478491,-3.4386574933178844,1.1316993951116345,11.918774325390341,10.258160475665209,-1.0407048696828656,0.3122657090600736,1.1461144228011186,-1.4892513149547357,0.48592317939036384,normal
-10.069338642642865,8.326630029060997,-6.514364495938191,15.374571220812674,2.4878442292117886,-6.258012626111816,0.44457936320173197,0.2669436266367652,-0.9380364872947262,0.21387448790580219,normal
-5.825743257294292,2.3790067055368387,1.7022039259449464,13.00429813477254,5.198187120695864,16.399432080698876,-0.6111992920537646,0.18980369993763194,-0.5385155730544999,0.18989107060007782,normal
7.868618386948983,13.64694891742213,-3.5051581408103547,-11.660797680328004,4.612464528133841,16.533423151330233,-1.2270607097679898,2.3504633800426644,1.6445314860675198,-1.9339930005450214,normal
-6.021293314748486,-10.836710077463257,-4.709700201545945,-2.2124636830432522,0.9364079005813046,-0.9648685494568278,-1.5403462604040532,2.536722137254711,-0.9235134759854623,-0.9305825454985595,abnormal
12.939934589142998,-0.03325409820125422,-1.8489366291625033,-2.893746837729028,1.8530796602146222,0.42458991579136723,-9.79967778942849,0.3745975697635431,1.6910161022489276,-0.7985682561032795,normal
2.4799666043227986,-7.9488156005724875,-3.115403761968727,-1.2234299686419348,0.643472828715582,-0.35928374311050093,-1.3952632587259801,-2.9740169574530495,-1.6670839264933242,3.859209301199945,normal
-6.494053714262208,4.756170604033653,-4.754443841205112,-9.169165202005804,2.6301595442392802,15.83176953119886,9.76380929414028,0.7535842374068139,-1.3641474210838929,-0.213285324493535,normal
0.5305236404289746,2.4975130353120067,-5.192235850832672,-11.886652932522448,9.424664512572559,0.4772098035682796,5.641249179734065,-2.202065995457133,-1.6787481395291395,1.8943596717171904,normal
-2.4639807016749833,-3.7111524449306263,12.111489095198388,-3.174073976123392,-5.020732268726478,-3.675647617642099,-0.44178668898061924,0.5614061741890924,-1.142941624620651,1.5644073111764356,normal
-1.0388143480013452,-3.2872259302807936,-3.0620190503678733,0.9964082782447347,-4.703533701532129,15.242807105140448,0.37111189713193893,0.2659376120850717,-1.1145135839640599,-0.9160975496719944,normal
-5.233619444807759,-10.316156306161785,-4.681148393871185,-2.3626345071972024,1.058428192724886,-0.8416412715220031,-2.3690191491833588,1.9079515134281981,-0.995790735680155,-1.173824361961576,abnormal
-3.3989493717743646,2.5121074898992553,-10.76828255516094,3.495767518190163,-8.191154513387584,-7.77312438981093,0.7708106179665006,-0.1674806821339096,-1.8921949545504784,-2.3301309963762273,normal
3.180883623721839,-4.2803261995877895,-3.4949450893734246,-2.2844313449405824,1.1921821837429216,-0.24964745571727198,-4.791569165878853,-0.3819151820567511,-0.06432437901876518,0.388109670595077,normal
-6.6117485588257585,8.708467739710903,-5.176113417455188,15.86232241682051,1.8842877519720758,-6.483933321145293,0.8828111869306557,-0.3229947756970984,-0.751164715105904,1.7852296614449021,normal
-0.030585102644471347,1.5391184532605635,-4.069418691105888,-11.38678690417221,8.672700580124975,0.20397908667633874,6.114302604276495,0.06704368874156927,-0.9875374417032643,-1.0080998876972422,normal
2.548748003306862,-8.483627493394847,-2.3616460698880988,0.014199093620316907,-0.08219420220391943,-0.4367536232578557,0.8465912496503688,-1.9824086540759631,-1.7991904248690447,-4.471885044642844e-05,normal
4.58015169366181,-7.854481799341183,-1.701320433066094,0.12334984792514386,0.6833764778345595,-0.646436520385626,1.4211006650143512,-2.443516757627931,-1.9548157102295098,3.6490445946243915,normal
-2.1317395760929827,1.2723461102861846,-3.935659249458415,-10.09414318498765,8.85431676518427,0.0793791669279174,6.407521916012918,0.5070243313356756,-1.0484068293352462,0.36849367569377767,normal
-2.032156591343128,-7.972241780732808,-1.5697477518948744,0.29503300725224435,-0.3027877136259631,-1.532064391922534,1.1030638093041338,0.7794389149172422,-0.2090903864725785,-2.949218130153432,abnormal
-9.297243029097057,0.5983988268615243,10.45445422644118,-2.631634875472631,-10.562957117512326,13.41886804519846,1.6999195123364563,2.756039404141962,0.36574588058385155,2.1702943022364307,normal
-6.126703189077293,-1.0576847487045602,12.116536272302604,-1.848916952748724,-11.433666620425038,11.043717250419125,1.9416724653752493,-0.6683728440422831,-3.0676412753225106,-0.5875527152954121,normal
4.404008657148807,10.768268810439203,-9.717499520166449,1.7635938363201007,-7.59434787265061,-5.210806217844491,-9.1025439011241,3.1155968779671728,2.0254391371384632,-1.0625772814475,normal
12.1482345294959,0.9572683246818121,-2.579646757200918,-3.3399102291896847,1.8001982174115245,0.24149673033117666,-11.038988906362304,2.0568915397180283,2.2210271803290764,-3.977485819142363,normal
0.993592670785061,-8.875569002399068,-1.4811737742557296,0.12482210770220137,0.03587881101270267,-1.3959029842098127,1.8293300570139404,1.9994609644597225,-0.6280982604467364,-0.2604459114762639,normal
-6.259077175853643,-3.5992968986945963,0.5782439022576179,12.132367210885343,11.030965810302447,-0.2867568662670183,-0.398817703488202,-2.102112611147096,-2.0042252380271335,2.240796719695908,normal
-0.7326122537713623,-6.503689309198194,-2.0194117448406286,-0.7453858897979858,0.7335677202829827,-0.9436074169960487,-1.8993411190871183,1.6912514131801935,0.7430098690851672,0.2996730295047924,normal
-3.471251580730459,-8.174872087087204,-2.857341218383316,-0.7450485087801774,-0.5114095253166467,-0.6400995693396302,-0.03365113368048552,0.6158743929773774,0.0947974546824159,-1.0213725866255126,normal
0.8036097023812978,8.206465804393114,-2.8416737416274764,-10.801979624727592,3.7020401627375996,17.125673349372537,3.7346760694147343,1.5183457722356113,-0.3305882822261721,-0.7773379350979931,normal
-8.498016442603044,3.083721408985155,15.967062469833643,6.5148918084113845,5.307393436482394,-2.716359426565866,-5.675467466663843,0.25479549270128093,-1.4267590636243026,-0.14722221700472343,normal
2.335119955051569,-6.354533372077597,-1.404800308048663,0.29286698823674967,0.7953329447834161,-1.070429965726811,0.9185752052471124,2.471867315539629,0.20743872604720934,2.9629955264781738,normal
-10.4999757378017,11.416842370945037,-5.5988787947530065,16.746871358432276,-4.34731118934633,8.125421357342294,3.3080034874271904,-1.1058566753264025,-1.2575400053313648,0.7961290194021455,normal
-6.751957897441007,18.485858286066126,13.318290703577105,-1.4849760154070963,7.848811965810076,14.22361998335409,0.35947583866370303,1.250312166149334,-0.699826636487213,1.1310114877015032,normal
3.8492606588102936,-3.884182400656581,-3.356815546841248,-1.9423502192431494,1.2291322690268078,-0.5234319482814882,-3.479905079267116,-1.003366301536323,-0.7515526536963649,-1.3532069763164507,normal
-0.4572063665454472,-3.664218696372708,-2.939858986178945,0.21376860022694694,-4.476309506156739,15.468828514245214,0.8476071815214858,-2.069850992405723,-1.9666480005840172,1.0380936349794052,normal
-2.4203199239705286,-8.039859897505385,-4.2270077303084665,-2.347571235787443,0.8918208351157454,-0.5032253754115644,-1.1126353858708997,1.5963617869532656,-0.2222652292349511,0.7569060560256684,normal
-5.978097118908288,-3.1881334750458574,11.584155526634172,-4.883037411243736,-5.717696991356805,-4.246711532836256,-2.0203749991953313,0.8926152774340129,-0.9231832804421714,1.5131057902559495,normal
-5.390990206897575,-4.014878628234613,12.941395391459258,-4.484860228693008,-5.480205331894992,-4.447193337438392,0.46157387606017264,2.747647630152265,-0.51249067062133,0.9163945213981373,normal
-1.2047418301913027,-7.426241325146942,-2.541907592643435,-0.6655346631645982,0.2967321687388652,-0.2081820213114784,0.11603109403391135,2.9189593206924993,0.8016300310844332,0.15194264358347867,normal
-2.6059959092100042,-8.668840681991334,-2.127006169501582,-0.04909512406113788,-0.3211757025635334,-0.9079605595559961,2.354620264634754,-6.4503760776823835,16.21636078036235,-1.7012894888756045,normal
-0.8759221120032905,-9.14877485505974,-3.099288278515389,-0.788637630641574,-0.016792733608262726,-1.1254225412712269,1.3036419358034137,0.3368876129641167,-0.608862239579367,2.526286560572381,normal
6.741863928947672,19.6141931024346,-11.343764922555012,-8.515801405501849,2.0995127056814242,-5.088156251490521,-1.6694841756937917,-0.11037089911582498,0.49680368258603336,-2.155235080116767,normal
-0.8477103923562498,15.791979878262676,-10.665357900687942,-6.735356081801928,0.243422484584961,-4.91599668231594,6.361861226336034,3.074672487166092,0.06666521037613567,-0.1318887590747663,normal
-6.193514453576349,-3.7888594929929598,12.134743809985412,-3.687596555388892,-5.072118670574527,-4.090292665223699,0.8072467105507783,-0.37954294592990584,-1.1274737346530619,1.745166263786244,normal
2.9517937412342987,-6.090500554447268,-2.4128447597429554,-1.0289774511118255,0.8258215676445041,-0.3622741760606842,-1.1975599996098305,-1.0478804354144837,-0.7307442559502334,0.996603279036936,normal
-6.752957156825004,-4.567741442386943,12.460898055502886,-3.169171640816353,-5.136255260412192,-3.6057864003640003,0.009678756763428718,-0.40027885061681334,-1.0775075677461605,-0.5160448501658351,normal
4.285051067508784,4.657956781196598,12.586895097761438,-7.209006786383647,-3.6035781260187023,-2.098289756552993,-11.70363776446416,1.5581106173474548,1.6984803026310624,0.9280871831527567,normal
-4.2598589140709775,11.957983886019706,-10.438009835490805,-6.7246175505362045,-0.14301340322590436,-4.8047653613890615,7.120489856676465,1.093971791641617,-0.9258807322530901,-0.20969211240476013,normal
7.718484350983515,7.399132057936368,-1.2506561174027315,-8.303111698079812,3.27866995093927,16.299810853614876,10.998165167183767,-7.675516404347395,-5.209608451599311,-1.8925560838833853,normal
2.8033121816710436,2.2758431631628184,13.091277560878819,-5.79607963256537,-3.9941754728763867,-2.390568430788974,-8.386886527584597,1.1756865799230518,0.6168246183602539,-0.7009869397296598,normal
-2.32370807304941,-4.948911071326009,-1.885920184499513,1.5221815783219823,-5.663144449957903,15.530897031025999,3.9324225740769845,-0.7036461818377442,-1.2364477805232694,0.033157443839534055,normal
-5.39508071898703,-10.579041313172663,-4.539966759443179,-2.1154929520178665,0.8903756215558976,-0.9803762055287908,-1.7026799583787302,2.643565186978202,-0.8980571348672426,-1.8751809467310574,abnormal
-1.2527343474068542,-6.4041369626297175,-2.287673494470676,-0.8620711203367782,0.4379040110678934,-0.17338666320301763,-1.2844955296408165,-0.17777577265351494,-1.1573178104538153,-1.0185837404157285,normal
-2.9434932677894574,16.09784398522306,5.025854143961064,-0.037454598560118825,-18.131485739418157,7.237218362552921,-5.8724081639199985,0.9023680444303821,-0.4083990352749767,-0.14810558656841744,normal
2.980066821347161,2.7542730064623404,13.034043277188392,-5.413203779992647,-4.0143571079232645,-3.655202330376107,-8.481061147994001,1.827505756925992,0.6691994835184571,-0.6035764013929432,normal
-0.2257247767423194,-8.939944654100007,-2.270008438748435,0.1470671640719169,-0.7948577492593447,0.5259469515403816,2.4331235435149727,2.613532161323897,-0.12052142571671097,1.7571214955042969,normal
5.5548095782351075,2.7272004421871636,-1.5655963500387395,-0.6793013501038456,-2.967991074139507,16.429221718082506,-7.423173503579033,1.936308750717523,1.2457132501330535,-0.5810497346019994,normal
-7.232956096622675,2.258369570913197,-10.621038502116368,3.0042266941965083,-7.735980734604635,-7.118042512669467,2.1523914565757543,-0.34979729801027926,-0.02377897408002552,-1.5187562429709482,abnormal
-2.297098101290057,-8.706242050487027,-2.407624759722389,-0.8937933407002927,0.3925655091965465,-0.471712495448365,-0.16750590315986488,-0.6827871712100095,-0.9148019281330567,0.825889601179694,normal
-0.3879091439114105,-6.659138259336281,-2.7615106488823984,-0.2394425148982939,0.8711636984918562,-0.8711756095894768,-1.1931405129897394,0.030200010728021937,-0.8254299743972111,-0.4903273715872364,normal
-9.742127558048097,-0.24671713981165969,12.060880175024636,-2.999969136319226,-10.723096907396839,13.06359104771802,2.526953034591095,0.9015008124925279,-0.8536563524157241,2.3216727283889758,normal
1.221895723315561,0.847984045165721,11.499323150555824,-5.247607816406462,-3.694949204128428,-3.6590703561080318,-5.406921681390765,1.1428663291946037,-0.06006539632286228,0.7413815021995949,normal
-5.138735999798615,3.600523665318291,-9.973419073787465,3.128773432952538,-7.880492136483305,-7.144874135888454,0.9531679065389173,2.608265376679401,-0.1805894049745772,0.5610443878082354,normal
-12.047778450171373,0.7452275970988343,15.575529188210087,7.817579892674328,4.6668017617364095,-2.4736730520630257,-0.5535881582447086,-8.132231412964567,14.690557807896866,-0.1438704502971523,normal
6.861952810910053,6.205500180309121,2.843930580424714,8.979615698148015,11.365154602517084,0.5107870910355915,-11.568721589796882,2.190226533583359,1.6777903354440555,-2.547605884434223,normal
-5.349212164667233,-10.22061607389107,-4.689312049641858,-2.327536396394223,1.065708751734127,-0.8935365261995796,-2.289509313412859,3.366228239695151,-0.3974143869712301,-1.1982811033584377,abnormal
-6.5873674541247,-3.113661320958851,12.39404499866962,-5.199938203481257,-5.06345742665625,-4.211790581330552,-0.44816313653138595,0.4195978690712098,-0.5255760822691581,-0.4688312184549586,normal
10.452490238374889,4.408232794217432,-0.5744556149748891,-0.05981112547674113,-3.796860513093714,16.75143612291989,-6.971371221330716,0.6120668610301061,0.9900800084938888,-0.24555588526214883,normal
3.5847549325001244,-7.672482266051847,-1.6077770935993962,0.303320915674757,-0.27843157457683526,-1.1472080355293215,0.9545252588727534,1.6525120846928596,-1.0174809879183273,-2.936691590713799,normal
0.06057392202964914,2.681706568519799,-4.340013241657994,-11.983950640054209,9.06530123542471,0.3367449638269794,5.344557447714165,0.4835751656767186,-0.8661626313601898,-1.2767999287867695,normal
4.320704190350112,-6.846132465536477,-0.7908855605084056,0.4906765279834554,-0.9079095179974392,-0.9151760355012382,2.285537927230157,3.3952129096409163,0.43024490434540513,2.1931487923179485,normal
4.699301218395901,3.22726779340066,-1.2888893446392353,-9.388333936683958,8.14095169709941,-0.344414165365203,10.54976250610366,9.14406857525859,2.2660971544522064,2.1376927370206564,normal
2.5253331736183013,4.775326659007813,-3.4621622806925476,-11.87451800562184,9.991381938628539,0.9818921635482484,3.8586132013485193,2.0583957926807352,0.37543264024809314,0.15777942776430368,normal
-9.88444571471582,11.414239621377407,-5.751761722788713,17.06024577524591,-4.459608432995948,10.107266761413129,3.1640276391049436,1.0501681753745367,-1.39804088305372,0.9374043673398885,normal
6.7201297142671566,2.6965814971372932,-3.234010306734489,-1.7106301054982398,-3.9785158058699364,16.973081446647566,-6.846718933192046,0.6807681097067574,0.9717375117214733,0.6811004521056031,normal
-6.936383316310453,2.685186561548702,11.81643796990565,-3.081316487641062,-9.379874845215637,12.435091549268066,-3.548064130336036,1.3657025487184091,-0.7552707087765904,1.198416842089466,normal
7.777870000447454,11.720730441727286,-9.287691627254643,2.24276241746781,-6.226798723815326,-5.12500232543716,-7.751790331290402,0.10202839958672374,1.0485173463817892,-0.21533137733905747,normal
-4.836315801506396,-9.993628738704796,-4.560288455008464,-2.309186912513934,1.0821531759150966,-0.8590071420636499,-2.494047311497269,3.0471514488368148,-0.499907129529273,-1.6408060493618997,abnormal
-1.108919606730439,8.150903722264957,-9.048334029918562,5.94733956904468,-14.01008720480427,9.369549448345248,2.1650141695831375,0.7031710489404834,-1.2948044973747665,-1.6013119343602598,normal
-2.0783995303923315,-10.305524375877999,-2.7861208995060864,-0.4815204985498873,0.5786803350243447,-1.2902172096322697,2.3562435912902115,1.3961632188015731,-0.7369732930312398,1.5991588526730494,abnormal
-6.393878585903695,9.211599964107075,-6.4420617021171545,15.258224534452294,3.3325348052398174,-6.210241508327316,-1.6155228258060679,0.02888262489733987,-1.166634711183473,-0.2023477214896754,normal
-4.519386270578563,-10.203934077081854,-4.4862851579108005,-2.0974532538813113,0.9551486879967993,-0.9298736296485846,-1.849294874344453,2.37102303976273,-0.7369059049802099,-0.79276726493912,abnormal
9.085318622828613,-2.0910599990617236,-1.639842534105512,-1.7523770692914722,2.118334442299503,0.12962121901760337,-7.161424029654181,-0.446740028673779,0.16573652995667507,-2.533782241681774,normal
-4.701305431597658,0.26760427227474165,-3.8777714665113225,-11.47860986985943,8.593925555290847,-0.3120819123577122,7.764944036820773,-1.137068725487119,-1.191096666996405,-0.9796265194208462,normal
8.326682074194705,-5.321297335675651,-1.1583329333491388,-0.3576448120560317,0.6580089273997459,-0.4461827235840173,0.002392126871671979,-5.26229730327188,-1.081953336900805,2.738665560334658,abnormal
-5.375439895460911,1.1037266398817456,-10.131122843263029,3.509857220832391,-7.732414754689894,-6.514170480327733,1.9470540775745921,0.09270804454189105,-1.2127595932094446,-0.24693621831610932,normal
-4.253193950174589,-0.32480348597766534,-3.62108892615982,-11.105818091061098,8.583433256100548,-0.20268540401803564,9.77464135974691,0.8144782197705106,-0.9615449716879251,-3.128634812665304,normal
6.823331616856006,11.669031192017748,-3.2460598640599763,-10.426668074619805,2.793963235502494,16.988514070962925,0.6629094703859036,3.4604630509379537,1.3032187173681173,-3.356753100377312,normal
-3.0621819661759435,2.2929832877411007,-3.9485246689580773,-11.247722578886098,8.18757590448745,0.41381545392217384,5.766135529266233,-0.07768936121967968,-0.9994751171516627,-0.09077181876136077,normal
3.8043551290447994,-6.82511971020819,-0.5107586117699158,0.18243809572800962,0.29270583002830125,-0.8156093656396473,0.9669642218237743,-2.260315727032055,-0.6931132642265173,-2.4113760173954497,abnormal
23.849558539280203,8.325422009281272,-0.019998951425866666,-2.9651324864521422,2.4749771990338307,2.3371637137568837,-16.43176636100449,1.7856030679257648,5.657121892709896,-0.12046447159958278,abnormal
4.7590404122435395,13.949794058839116,10.83873799828501,-16.427315790397085,4.51159614397504,-0.822830620285717,-5.116430126715261,3.18656255375624,2.106366092916526,-1.5167131483196827,normal
3.6412834292578533,-4.94686445776797,-3.3061491751767274,-2.473865765696718,1.301496060520459,-0.4005281071138915,-4.2865351230269,-0.641920511546706,-0.014062681311838632,2.231989199031095,normal
-3.3539845544141147,-7.529428262295259,-3.70075492095688,-1.626976809612264,0.9919933286800835,-1.200524634387775,-1.5527733009765077,0.4344802177533299,-0.25706732775317626,0.6158660859672298,normal
6.699146848248783,-2.3660519013646866,-1.4468971345835488,-2.1377597932582297,0.5744246806985459,0.370602983979812,-7.291943563679293,0.5134584774305245,0.5909365259491944,-2.4956215094514946,normal
-5.765503903897894,-10.631684111728093,-4.725975114197759,-2.224801484120422,0.9842320539079098,-0.9522152600748645,-1.8748720365553597,2.5332642323962995,-0.8635657232437808,-1.2942348814698177,abnormal
62.163695327036365,2.398885185751816,16.699473937991385,13.21017288927062,-4.876130535779869,-2.295830060363843,22.61866130820037,-17.408773055910498,-8.761255538563102,-0.7105517364213845,abnormal
-6.47780402908545,2.933898779051409,16.408803942485665,8.784417857460404,5.715452334600965,-3.2094595298265354,-3.8659527115597023,-2.8209027274053335,-2.4216424519149724,-1.1900653845801294,normal
-1.5104538087430752,-8.689730460220288,-2.9974526366919414,-0.9470715717885894,0.5476591392054009,-0.2649155501879937,-0.6489607073394872,-0.631677096134232,-1.4451634023789857,-0.21239439169387647,normal
-9.753609539399125,11.022191943394525,-6.243120799935752,17.44780530509509,-4.5919235344720395,9.301490428338186,5.248977009012121,-1.3692766995277796,-2.07714038780375,1.2708299507673564,normal
-2.5092455330339423,-3.016790965307671,-2.898312249205674,0.2085896003323776,-3.955478836962469,15.614667022860296,-1.5097871390847837,2.0458720657276843,-0.2158804545056094,-0.6107238725655442,normal
-2.9598470269527275,-3.309191823996089,-2.5934118410865348,0.5565039513484454,-4.126856069343844,15.245117206071898,1.465749506223069,2.3486156071869213,-0.5197122459211336,-0.0011038922038646899,normal
-1.6090532534474113,-7.995449262669945,-2.0405318093748597,-0.37487933684272967,0.3803869826394213,-0.05453076802277312,0.9615907803950021,0.40333819224215123,0.15049846967672337,0.7779298451656652,normal
1.1915991751556954,-9.104881143352607,-1.851026031130293,0.4818452108169133,0.3502091650381727,-0.7438635848843547,2.196491991084754,-0.46383794666717165,-1.6838319185124802,1.447949976572659,normal
4.397040110391768,7.990911194659196,-10.174247523418526,1.2618328072556828,-6.670871350193466,-5.936910272828391,-4.480819571999737,0.07055431544357349,0.2100990762385723,0.2062777593662849,normal
4.674211320279766,-3.8659923116561226,-2.3866107227627977,-2.2872566693723275,0.9808790208970578,0.252446447447318,-5.039407547422276,1.1006254100105877,0.5701425546001702,0.5196179545196686,normal
49.61427072254638,6.632918826106676,10.767723693539919,7.052065112517507,-2.2831737896027184,-1.398640998959651,5.7342071292203,3.641251790835292,2.496260257455441,-2.1426020946956634,abnormal
-5.09911770534785,-4.413655686192066,12.915558222387968,-3.7555388674467567,-5.697485871520696,-3.2531137186001255,-0.03792964776499501,-1.8810282152879205,-0.4702587184286273,1.1224400885554768,abnormal
7.229770355249305,-8.459580817726055,-0.3510647671040474,1.3770665910271263,-0.47157763543342784,-1.0100644173646716,4.284826839815817,-1.6456532713285912,-2.2764423137181624,1.0800835380395635,normal
-6.563156555180762,9.38554726378853,5.072497875851446,0.29948609374295243,-13.273144797433728,-9.516188550636432,-1.600028540549032,0.5026612542366575,-1.1372689218503709,-0.3233515266317987,normal
13.489088858050666,0.6698054473012173,-2.0870230586596508,-2.3818574362072553,1.3734166202320723,1.0042031517691674,-9.209113667568094,0.9324458332057903,2.130001150854625,1.5984386574927476,normal
0.4881281120643344,1.9764681805856692,11.814540859572405,-5.602597788742459,-3.5445210111547296,-2.4200691248150963,-7.464599019224446,1.5422303857595427,0.7267376223619499,1.1318033253280748,normal
-11.689262442204981,10.837828486180687,-5.541031955192733,17.29370578149783,-3.578503512659654,9.609180026801825,2.2781677344123383,-0.1898264068847562,-2.4776563161661307,0.6625663828434574,normal
15.681296658310423,-0.11157731210635566,-0.9826799326272633,-1.2613769755493502,0.9149876025888362,-0.05118201219274055,-6.695275793719373,2.804027354900367,2.4240376287321888,1.087614444996598,normal
-1.4096656399152334,-7.281427714889379,-2.6034424215894187,-0.3028385559740285,-0.06061683918452574,-0.049996707148089466,0.06119481042177265,0.5033858233561193,0.169781284524648,0.16505629683891584,normal
-3.276699030980381,12.830707414987971,-6.38520429885813,14.026494928277405,3.964424850392347,-5.869281551777057,-6.879429479041772,0.701940936784325,-0.18768188143903078,-0.862176813124649,normal
1.208992116405871,-6.360907500872865,-1.726152879618344,-0.7846986713004093,0.36891590590530354,-1.0661523111220412,-2.024831485294979,2.2831323408474757,-0.22396458113327133,-3.553188360840386,normal
-11.276664122372116,0.8525305487125382,15.424216944176582,8.023519522709007,5.323074061039525,-3.150784869482188,-2.602447999663882,-0.9358062016689022,-1.8653273978711054,0.6887621729685417,normal
-2.286747447281743,-7.94127084539851,-2.7586891244148126,-1.0256740487547098,0.18558814515624864,-0.20865116196260114,-0.4086597284146563,0.5388647425942353,-0.12800848929207165,-0.2734618051352068,normal
-4.986822071913489,1.3003447386257987,2.235447629755854,13.248174764478229,4.417107488971636,15.875324968316864,0.37196056765555213,0.597185340575338,-2.0594679391518964,-2.094651506316072,normal
-4.862650391425682,-4.917319186815566,13.040543598695614,-3.8891819063783037,-6.048340542861989,-3.965648867821116,0.03651718786764569,-2.2923585969226963,-2.9080984609634495,0.2243461094421429,normal
5.654387263216026,8.468626808405519,-9.157211285467827,1.8895346053303381,-6.685275460154147,-4.659433343767592,-4.817886943104495,1.7350318271269103,1.0680088378693264,-0.20589570486198103,normal
-2.137479400264087,-0.256642403451725,0.42243484285855865,9.786690656703193,11.54738942830586,0.205683259317993,-4.866173155955383,0.5868141772585654,-0.2712055099111549,0.5058059813965111,normal
0.8173220470426226,-6.948194091511654,-2.004784779594297,-1.0053887588500525,0.33723028329699023,-0.405342659528641,-1.6984499090278684,0.3613692785441473,-0.6277705664884462,0.180608807279754,normal
9.567421465352023,8.607551798817767,-3.219933812390548,-13.131514604834042,10.262264255608748,1.5110580900403112,-2.2318738199271837,-0.5154434381050048,0.6808830499791144,-1.5901364124995527,normal
4.941297076592924,17.04966535901874,-12.49793543364928,-7.9992197698153875,0.30474333924763214,-5.7566820570185495,3.816191262585835,-3.540817816432692,-1.2480165448739975,4.2063889174535865,normal
2.093663037437306,-7.884876136656459,-1.5603590486148082,0.38665356534412126,0.6412667807620998,-0.9959851205092063,1.4050573263084647,-0.4429051580885958,-0.8551544216838689,2.4676957897575797,normal
-6.302728907406444,-4.660979762052583,11.576775309484924,-4.315339581690801,-5.844851309948977,-3.571144698200725,0.05918261949959037,1.7240234203766738,-0.8928148711265447,0.761066607742325,normal
-1.615710188105048,4.112216477596187,-3.770159237069852,-11.38557261848795,9.225820628644438,0.15163365624651998,4.881842915843661,0.9995396312329174,-0.39672026621836864,-1.4474264057130823,normal
-1.792811841177908,2.645481213025426,-4.664193708886883,-10.973096437022704,8.671441001532909,-0.4818989329012164,5.3312019955324,-0.04521767708640138,-1.2564213623522251,-2.4024598695493946,normal
10.691972004053104,0.5396977686103238,-2.5439282921471826,-2.364348122071695,1.7094882066160706,0.6089176919868653,-9.055418005252458,2.416676726279985,2.2483860364434904,-0.9939141890008517,normal
-1.9884590486969345,-9.446885085968376,-1.0224326564846298,1.227068454541505,0.34519085939461314,-1.4885375928700177,4.533061293379658,-5.546544902666381,14.024504496085331,-3.5745654213357687,normal
-8.072351437989646,3.67525532219657,-3.4984456223010296,-8.637396639606587,2.489521279829578,16.664528767535913,12.4785492668547,-5.238054790869443,14.45875180669172,-3.2378779153404134,normal
-3.0315627340290137,-4.306459303952817,13.238735348991728,-3.4859080100664253,-6.079955067294622,-3.8258710245015557,0.34636659366493794,-2.20806043535462,-3.0887933067588786,-0.9061282304927054,normal
-6.86059789499267,11.227800866171416,-12.169679323183496,-6.311061909413678,-0.1943746190926378,-6.76680097480861,10.593876563309225,-2.2103319941716144,-2.968906941762153,-0.6800754556210132,normal
-4.421234733262173,-9.897754166588735,-4.416428181267482,-2.1581453783757896,1.0404684065116796,-0.8901463066960653,-2.31751910051455,3.339175296111401,-0.3717138586233008,-1.9041659464863587,abnormal
3.6087590646075376,16.817002643557032,-11.531668707693946,-8.449391084750198,1.1701084470145795,-5.313581193955118,0.9276677247096317,1.1254616686405272,0.443678353939397,-2.5525048854891303,normal
1.3217811532225907,-8.002933957827702,-1.8545902109555814,-0.45415623873021205,-0.18815126346263397,-1.142869649503434,0.20433560184853408,1.553430778071405,-0.29451257010191473,-0.29183182419762677,normal
12.289822226650509,1.7044015052092012,-1.4395234019158798,-1.5919703298421246,1.482624203220713,-0.08600345865814263,-9.968192255379925,3.64882387616067,2.8199212839124144,-1.5780363226014469,normal
0.9201324694980327,-8.18153746709069,-1.8477479388315683,0.21955644455903606,0.4320948457343076,-1.3835429561050216,1.4749600214362748,-3.3676320620986395,-1.4221697542428515,-1.824798853320387,abnormal
-5.045008504175593,3.713466215426946,-10.110659535110678,1.8822588831524192,-7.662571426843844,-7.5416707794007865,-0.40744119701099824,0.4198942888151255,-0.5294496237353961,-2.1794470554713032,normal
11.966249616749849,7.048090827579137,-9.968386879990131,2.267413372578697,-7.481214109391189,-5.834474143622851,-1.3856317641575144,-11.827751134749825,-2.814878764892221,15.964643905665108,normal
15.637155189576237,-4.173902021067798,2.359832147884385,2.4685764540996216,-0.1642297122408788,-1.125166034706525,2.2817789444313283,-1.5604448910852688,-2.2771136080518053,-7.616684153090175,normal
-0.8079812922489888,-8.542939022426223,-2.794504380582649,-1.0472531901148783,0.421521292710302,-0.9201906471424717,-0.9544947814175817,0.042949712249474935,-0.8550139861470002,0.029081677402884438,normal
1.2249866599017982,3.63770436971893,1.7336277623015555,9.842585089554381,10.943538985714293,1.1292550834782225,-8.34830865502974,2.1106826472421307,0.7773045071487606,-2.05371031710899,normal
6.616322915394801,5.544540053373857,11.816843250258893,-6.405046032365836,-4.160577965219024,-3.044777513971572,-11.747508472293305,2.919933418394996,2.454422865593691,1.1525339737183697,normal
-3.75679481148922,-3.287501642485388,12.9696031388028,-4.375946567694072,-5.827059023799788,-2.9420985652502836,-1.9007345588411397,-0.3042063946193128,-1.2386116168321484,1.7808795311309846,normal
-7.53580786635902,-4.7884858306800355,11.360139985518643,-4.223212473634707,-5.47250300688056,-2.955667349130602,-0.9408921470355208,0.32286388479942024,-1.3374235860291883,0.5936234309214807,normal
3.1779986620707428,6.54096696651939,-10.694417136111243,2.2470467818987268,-7.621964647009741,-6.048141844369176,-2.657229890948734,0.1504135620092596,-0.09450364372325355,2.4305030448608678,normal
-5.665254513332867,-3.679739139371572,0.6450418114392164,11.365215878927376,10.639064648666169,-0.7672214886672897,-0.1329058823127316,1.3900883435195472,-0.4871589142781978,1.7047373640323866,normal
0.666639172769707,-8.325495739223866,-2.156139917032325,-1.7265000020771208,0.9130179384039017,-0.7581665334851697,2.4905936219221196,-3.52140641700686,-2.880807938544059,0.37557650538758114,normal
5.916733374601837,-7.484290155758939,-1.8966264631907455,-0.0024152655316677586,0.08021139271860034,-1.0044095896916654,1.0600911232654049,-1.6350985334857653,-1.693794638002719,1.2722093846118565,normal
-1.094522324531174,3.8592626142587707,-9.870089952955947,3.152475734953167,-7.732323311179645,-7.091770019614125,-1.6951273113064735,-1.0842675171474587,-1.4445176930000048,-1.0331070581645512,normal
-2.1678051124426996,-9.252223637643539,-3.017486156816932,-0.5323184773375412,0.3535333941547756,-0.9789712375628323,0.7385579587305579,0.8120053261431991,-0.5180331947383773,1.7868834070518018,normal
-3.642042300987709,-1.346891500368468,11.400981407014253,-5.0879765621555295,-3.9255405557509815,-3.8962653336613697,-4.341227738017869,2.4431102514273473,0.215489040355842,2.6300653305717567,normal
-4.662189301442239,3.167374482692538,-10.875806128581925,3.340220212637045,-7.973799169025799,-6.641195394304655,1.4965949187331353,2.9579154911253114,0.31501348425722103,0.7823233793537014,normal
-7.0723979236695715,-2.858833069110966,11.08241725540707,-3.9751753230244082,-4.4852302058877385,-4.0976210360629635,-2.821395099312143,-0.3581103765787651,-0.00018522312449629114,-1.023178113783512,normal
4.0154148598706065,-5.923194674789962,-2.5858525970139046,-1.160150520169527,0.49080195094311696,-0.41860778137892424,-3.1358756507259113,-1.019508275183413,-0.27492076011178707,1.2044030487006705,abnormal
-5.776861806535567,2.053359326959824,11.509124215975817,-2.951397385810539,-11.328557741703403,12.770315130043441,-1.4888635181779493,-0.19819324980195913,-1.6259928563256223,1.462638668180466,normal
-4.998460603344494,2.815703572701057,-9.270709817888651,3.264533846442935,-7.797042344370368,-7.239897008970813,1.2500006610914105,-0.42513854918549626,-0.9430581124052301,-1.2277146403944932,normal
9.760333102508566,10.636577055887463,-9.938390029490606,1.257537010525986,-6.736000746904354,-5.456159489940055,-8.913040487400252,-1.3053058142600427,1.0666862893781437,1.927447813077437,normal
-8.566256279818877,-4.837806445912588,12.832120132223896,-3.7049571498827194,-6.010637664623247,-3.956782889232281,2.425316372214365,-6.353259946024946,14.988796305414938,0.6929131928982135,normal
8.722823224040425,5.41488222366658,3.0159753088011034,9.639835909833138,11.841703432258608,0.7861981368552365,-9.034107325624362,6.1011020351053435,3.507550389475034,1.5880455469562234,normal
-4.480658413286033,1.637290666852682,-8.003868496309972,5.791664952195523,-9.288830044270597,-7.87087164020999,6.871604217459245,-6.747036869736115,13.434594205603526,-7.41827195621988,normal
-1.3938573950231796,-6.875877541402075,-2.298679125648258,-1.2341785113270867,1.0300547204202544,-1.0145326231979517,-1.212216138984952,2.5358256591808006,-0.07384058451853928,-0.3059961460070912,normal
-6.114377599436876,-4.754065947505457,12.269594864863013,-4.111995161234576,-5.270731786670629,-4.054905411754663,-0.9941304862440594,0.4361368817711752,-1.7165970510471742,-1.9312296189345848,normal
-4.310155415143858,11.749547435077094,9.283347827057701,-13.036568389953517,-2.159593791991677,12.677360279418014,3.072798985069027,0.7258054819849852,-1.1077420460143623,0.3000609712217472,normal
8.772398644471865,-8.1391490674706,0.7685199576279478,2.4354561567354875,-0.5625130369838786,-1.5366771569749333,6.067701109945616,2.9501612209377925,-0.7288310098404195,-0.29884482144105784,normal
-7.970248828367603,5.7230231896550405,-0.1668701151158858,0.6243999476106444,19.275673328883833,0.48741120123766435,6.621077349871765,-0.5852722618019118,-1.2504534180944356,2.2800164166387122,normal
2.5658827420268686,0.7328158518817319,12.038906324524651,-5.0532809623650605,-3.9728272168309946,-2.5917183885214556,-6.502263781387383,-2.0468115789526045,-1.224313953916363,-0.053262576372529034,normal
3.85271812689679,-6.799305481907527,-0.3637860714250845,1.0292142702227387,0.9182283982921389,-1.2664192420814058,1.797199088243444,2.490950152837055,-0.29552625129228305,0.5636948133908873,normal
1.0313718812587058,13.538496089594103,5.415154159241841,-2.5997810506336525,-11.877269646176412,-8.829800939493946,-10.494502399822144,1.254943893089296,1.0141145957636077,-0.550379278369995,normal
1.9245299597734715,17.698350050005192,-10.599500731985424,-7.608701686285895,2.020756125798133,-5.686056451336415,1.8729003898926506,1.146573137745247,0.009857195531280142,-2.370421486380006,normal
-2.1213107852722284,4.872115486017132,-10.511693418407509,2.4263348394525135,-7.09860566119135,-6.969397314519837,-1.6636842776035912,0.3550670348506088,-0.5769200822957731,0.4628976107365747,normal
-2.2307682125429573,-8.57242208702836,-2.939257937589415,-1.0460477706087046,0.15526249372223958,-0.5400055860095299,0.19409423850875338,-0.8305993864006564,-0.8749532508659617,0.19240478292534616,abnormal
6.557839505145982,-8.876547604888293,0.10245289117965409,1.8462413847664194,-0.5356576837398356,-1.4919187220918273,5.512629601235811,-1.9647338553669507,-2.7255456587862468,0.8554519655515229,abnormal
-7.0113886488624875,6.4109044130633475,-11.08553555165086,4.792329129562284,-13.525784500411579,9.309469658059557,4.027113508452993,0.34543975354347384,-1.4413962764526023,0.9203027456067259,normal
-4.975950616867549,-3.2772504090762062,12.368519098701272,-5.272645888345234,-5.071288525912423,-3.7150874192489542,-2.7756955980012674,2.1238379922353254,0.037016123616573846,2.6634230828461662,normal
-5.926314106373901,0.8262518524509497,-9.98642951980011,3.887812224720144,-7.48922192375828,-7.331553155126129,4.342409408041343,-7.695981448923224,15.061260883853075,-1.585397276874287,normal
5.7483054912507505,1.2990303883751646,-2.8169686861070047,-1.2300505024405668,-3.9058843182724665,15.530726212807854,-6.501087914114372,-0.17942379586552576,0.45190044957274617,0.8169990987261828,normal
-5.336395027752865,12.582704792812246,-11.380237494401124,-6.5756803552176475,0.1887276533949935,-6.886370596374821,8.657789481660783,-0.467994969006815,-1.4896232627443338,0.5403434883656496,normal
9.122460975488883,-2.6363115775811736,-0.7801169547996828,-1.7346698603993178,1.1556805437815083,-0.09343304052495359,-5.592370148937197,3.827190421523111,2.0745291307111113,2.1319608882862897,normal
4.828007625243541,-2.115116302013694,-1.9710202627148286,-2.358767867749685,2.025533797089633,0.23403341149434975,-8.216154766611067,2.3312001018981876,1.8034238473609494,-0.17640969312506613,normal
-5.512990317974021,-3.7264937149493895,2.0335038472429483,11.897803472303565,9.80283079853906,0.9172775983990346,1.259360366896709,0.6921502549689899,-0.4964311131220188,0.4310633662705351,normal
-7.525958083860677,12.230918172301312,-12.189379674358118,-6.367705884146613,0.32465156374676707,-5.85848571926874,8.315584327624947,0.1204037897483576,-1.9455382554478309,-0.8347665709697688,normal
-7.024870502631879,5.780987462024028,-8.960561728908987,5.730126409286053,-14.105529933614374,8.242574656605663,4.798816447165057,1.2094631718547768,-1.4089161367754732,-0.20420330907794249,normal
3.417296291376824,19.411871800867118,0.16048832362103532,0.5843054410313974,14.939301499917493,17.088385577919688,-3.3501223693437416,2.4329045249598966,1.2904875386280772,-1.913439153112021,normal
-7.5360155573433865,-6.269331894060385,-3.859492571636344,-0.23913836845610442,-5.4285658002827475,16.55984940852688,0.4357507780421619,2.9706856301138598,-1.1586779465872012,-1.1853668003364295,abnormal
-0.5493249549185308,-7.229435361543161,-1.1414272325425798,0.9960820478046689,-0.7377796635210341,-2.028606608702475,1.7801592760912135,2.744751723310495,-0.8473174518354125,-1.379158660685454,normal
4.630723531609392,17.432713495202886,-11.304402825839272,-7.8782999468457975,0.7494113965588768,-5.273248151617283,2.8615672826523224,0.5604811905532427,0.006529996545331196,-0.15352580863505377,normal
-3.328537597355899,-8.852912898165492,-3.7123821314985035,-0.9007215637339709,0.7209294981130596,-0.14128502632383816,-0.5631512038385835,1.5322141993732188,-0.43306903071369457,0.8656696356944522,abnormal
21.691452647144867,-2.572080252420022,1.991267726845838,2.253147411329583,-0.8736620183445323,-0.19250505815353275,0.23896076445277542,-5.353061383429874,-3.165808914858502,-8.124546717740643,normal
-9.715068647228703,9.013791266007358,10.44119991827191,-12.553582808029658,-2.3165376531891537,13.334634633854273,7.5282500509160215,1.0664887994726429,-1.5572161541234495,0.5784008599631261,normal
-7.441697301137672,5.444433450545765,-9.703421032315498,4.838677345654674,-12.875545998736573,9.254401323447718,4.088685136643204,0.2629272969495112,-1.6092793911803656,-0.48893812760743294,normal
-4.584821993677858,-2.449701319355495,11.90372294103274,-4.907893316076648,-5.220341743575917,-3.8007321730902053,-4.480072007414412,0.07260696330169668,-0.29354989859580394,0.7884112185391581,normal
-11.141815193993946,10.216234840854867,14.948387334508192,-3.328298731127807,13.157938280779247,-2.143071253730712,2.923509441063444,0.24454413166214856,-1.3548411539352831,1.3413914147338222,normal
4.7498640299165835,-3.3763017908071338,-2.0383080269968525,-2.105253868957906,1.6396514063900538,0.2348451720827641,-5.762940566277149,1.8931282366269202,1.2177042027365608,-1.7608532824388505,normal
5.385981076497527,-8.170784163036155,0.2887734684419001,3.0167918205397504,-0.5876958879000294,-1.4829468632149754,6.857703222279456,-0.3528284057614747,-0.90527459331453,-4.063450689656411,abnormal
-7.9023471148384345,1.5732463989196177,2.521455227422589,13.196250721191463,5.258958874553906,15.773633662537538,1.5446771588324346,-0.1483619141583875,-1.3463577297305,2.9800586773214275,normal
-0.5443477589240427,-7.64890118307554,-2.2190820270622065,-1.4665050345334003,1.631757882290402,-0.8891654468349666,-0.041339329360268094,1.9927653137037764,-0.3413524872078908,0.6542244451895287,normal
-5.2333665639458475,-4.6549905787634085,12.57196094820387,-4.027658004759748,-5.7200270549833725,-2.8774436011386824,0.29614439527202907,-1.3454354119760883,-2.3487473751484877,-0.4286578732143087,normal
5.5779817481833796,3.4587391106971515,-3.3609354473250823,-10.923453633298609,8.508772970705621,0.9391314743394455,7.368284452260654,3.116848650092338,0.7798550506071541,4.791227051094858,normal
-5.235382850911164,4.587307293385654,-4.575862688395464,-9.512659369566085,2.365378017649972,16.586057422430688,9.049818942472523,0.5388405052206171,-2.097450840604566,-1.4087027451328362,normal
7.109370976231049,-7.645627795436491,-0.3705084074621802,0.9854441887849301,-0.061090557174052304,-1.0413871371944956,2.736630811709378,-1.678470722329,-1.8386508020280414,1.9053530253004003,abnormal
-14.632591162434988,15.032121350307714,9.039772379900684,14.82635837727032,-8.037447219089515,7.247222419184519,1.965310969470555,-0.9817994952064247,-2.9054794015267804,1.7198049853249948,normal
22.478638357131814,3.8939429526792475,2.0683707323143983,-0.04989231031134359,1.2149033330148604,0.915524853502423,-7.462346590956099,-1.617667690849174,1.5936145860928201,-5.37442007124466,abnormal
-0.14142873279972307,-7.638680944746598,-3.209843938859202,-0.3229044524589853,-0.4051292056476685,-1.4468698447339323,-0.31600073861962147,0.437783957160093,-1.0900893453527145,-2.446236276260776,normal
-1.1962706015773148,2.7227300214309134,-4.747201027141307,-11.516436037485098,8.405672515112908,1.6736732482625953,4.952673661423486,2.0816941467459276,-0.1778274571716893,-0.7614656357530407,normal
-6.570587984899721,-4.322839046968575,12.545922938677895,-2.4530110314069744,-5.712808837125315,-5.034820360381921,1.3184014767551624,1.3770744234620702,-1.0181197161199913,-1.465888563377157,normal
-2.2415096855221623,-9.050203472029416,-2.283997786924745,-0.3737803947308947,0.5155013089281166,-0.9076193133694974,1.0409386817088477,0.30464448516430187,-0.7469939442887471,-0.5458362224272104,normal
-4.415967004440898,-2.4756252422196168,12.43859100268422,-4.256034767255368,-4.770810786423836,-3.5952208428333416,-1.2557161790195512,2.0169795073016057,0.20190806928654234,0.19237395412047212,normal
-5.990593967260034,-3.636249342400585,1.146573850095497,10.979749233658586,11.30519930909698,-0.27526957578701944,-1.2492787919619097,-2.1558954941547492,-2.1045149525946103,-0.7721790298786645,normal
-5.89368017732915,2.365367026650333,-10.276674142753631,3.3677462209653872,-8.00114552938871,-7.4195870851720125,3.2511326450939877,0.47002130821958515,-0.9071448470203237,-1.659666386851949,normal
-2.093635839739767,-5.553758075832843,-2.7784939988836803,0.9899937698703615,-5.286778756228326,15.624107930899607,2.87694674295834,-1.3016761317205863,-2.098608321948991,0.3465691006490737,normal
1.0940607163947602,-7.922276016205885,-2.3843268369766264,-1.0273271740321024,0.3773598767623678,-0.9601975363026167,-0.5872023258692205,1.7709901797820404,0.33348511997664415,4.603955047096754,normal
-5.550824192612874,-2.1346166030522706,1.314350954982108,11.358986570421743,10.79558814716302,-0.3249961154488668,-2.166356355543421,-0.6131204502279153,-1.65300418990732,1.7691488530883128,normal
-4.319866199247376,-3.7374542200353993,12.85383314364475,-4.289106354946603,-5.277052778910849,-4.075655191316701,-0.9652969643875277,0.6536095014693027,-0.9560489667579345,1.849575739157035,normal
8.487500238496605,3.0632229907202078,-1.7207853064913063,-0.15446525745374454,-3.8392105782429846,16.162210111356792,-6.538920515443465,2.300947874853973,1.21630724863457,-1.692490658052878,normal
-6.417689187282553,-0.6262550171342175,1.4278651529408775,9.635982115387861,11.925049691394406,0.3883010013284414,-4.357384250241897,1.48488262881555,-0.4230054048993652,0.16285630042768076,normal
-3.0963153429550014,4.866346896338348,-9.954012735520385,2.563452922703837,-6.301665972477766,-6.816049152955333,-0.993972650130847,0.26008149303992256,-0.5252139882865884,1.2294717180175458,normal
-12.180455454349413,1.9592740904962298,15.773711048638285,7.365602787016947,5.832345466030049,-3.5748299327231963,-3.4417604970817637,0.10463963818250163,-1.5578550162677312,1.1840675482161236,normal
0.7306370911952283,-6.528586532581982,-3.4597586157704594,-1.4648429855085738,0.18239748062495606,0.3445272346260714,-0.8470237050396278,-1.1083667110593585,-1.1520253086650865,-0.5522139756389032,normal
3.9953390220134737,-7.895333442851425,-1.519096118780398,0.0847259767924046,0.38699048106378386,-0.4429229134081565,0.7887476133322497,-1.4176327272253733,-1.6710451042671286,1.0668750802440952,normal
-5.85632087332843,-2.463486938125167,11.717651346889458,-5.075256927020674,-4.669054545760704,-2.8668633708892823,-1.997095807794236,0.012845927063391422,-1.4352814650972272,0.26040184547829714,normal
-4.055148816518205,-3.51494815218455,-2.3497260652600485,1.2331197651450485,-5.4986237525255515,14.860985628558888,3.147044666797342,0.20188462749991043,-0.7576569537836899,0.13995749381846234,abnormal
2.7761789749343357,-8.959592249777534,-2.1252968877453933,0.33195208265809395,-0.09612482364798645,-1.1534164516665402,2.461603972616301,-0.9349882535680729,-1.2311744929421862,2.7400596111035265,normal
9.369020130530016,-2.8024817177129315,0.03337178704266514,1.3423809750257163,-0.05043440269943136,-1.690106360825158,-1.5816079552170876,1.5336720892524107,-0.748686750204747,-8.863045482869788,normal
-4.809950886222893,-3.4321941622624377,12.038847931872471,-4.5721769438212085,-5.845148341956357,-4.6264981331957005,-1.383849374341255,0.49379442614475116,-1.699439329324777,-0.9435219516758635,normal
-7.088279011252985,-2.065403944775664,1.0239849339173397,9.79541309359068,9.52524470461061,-0.5033105785243339,-2.8992299869209934,0.5195786033609816,-1.074616337035129,-0.6442469058512091,normal
-9.519632508212672,12.507139616321668,14.688890977416825,-3.597472420471413,13.70803309587364,-1.2324400928415715,2.694140793969303,0.7397101732074348,-1.3848040620082833,1.171940830718078,normal
4.479803562533232,14.8415623144496,-10.454026173506836,-6.870460127010041,0.6241646780370841,-5.5548219069575335,4.822218853329292,2.3206391930667327,0.38981254306288193,0.7573004527576105,normal
-8.98065473222104,11.992537576762684,14.921115372933253,-3.4564099858280057,13.324049647033641,-2.4430786370950477,3.691384252389093,-1.7717915381450344,-3.002687177296564,-0.8734077739291485,normal
-6.452956902588642,17.79107902797708,8.427526288587678,10.797044161894254,-2.728080136788377,-8.843181997701105,-7.157753663718765,0.2851003269550356,-1.0151571567769015,-0.22278720842185087,normal
-2.611648587096839,-6.8689653707417895,-2.0099880012149147,-1.5874656385372374,0.13014228989457233,-1.049064900796714,-0.262538823629221,-0.8563278556064792,-0.6886606209272939,1.4695063854401793,normal
1.395593282711754,3.1442256792871914,0.9054056767929116,9.147511092408294,12.09576382879751,0.40061937121200875,-8.825782435223038,0.8201865408712264,0.48801689725281283,-0.3014633752894513,normal
-5.229215736822498,-10.449636202657567,-4.523063683426534,-2.162744364052971,0.9739614613466211,-0.9218495318698702,-1.816009732232744,2.6032756331533466,-0.8278748833158547,-1.3669181959336498,abnormal
-2.6567310131247814,-9.217302710696057,-2.236744288507785,0.6552952584655237,0.16786046692699744,-0.6161702803452419,4.543384103074907,-6.12484762381634,15.612856150712954,-1.3506431836702986,abnormal
-2.5300187321499346,-7.5654329601550065,-2.694910572928802,-0.752981296258718,1.1995851866556648,-1.167109383444379,0.4730334307293795,0.14241174504615947,0.1692150217731741,0.577300751587488,abnormal
-7.958349222739651,1.8827626162544409,1.5752509900610172,13.999745189163729,4.513598736487688,15.616334751662256,2.3213410583631093,1.1525892136493545,-1.2368432406910936,1.1940739910372562,normal
1.8388481243235262,5.129425558012122,-3.696073658676387,-11.70468217039805,9.152880343784966,0.7603582444958641,2.779657705828026,1.7057267019723723,-0.10884846562652227,-2.984596220710769,normal
9.843267586701431,8.819120703041815,-3.332128180969035,-12.440903103603356,9.362907540868617,2.0810488462687107,-0.9836033274928537,1.7751071229952695,1.6120037350587695,-0.20805989540349226,normal
5.472134594840914,-5.745631032604996,-1.782707904591652,-0.9151118000077978,0.37383084794523913,-0.5521533761573667,-2.919500002992674,-2.5736307371397085,-1.3519400949958733,-2.4357010848909497,normal
-1.954045357073834,14.178360525807825,-10.898313338163351,-7.488995306436531,0.4682642267682019,-5.87788640301696,6.215607019148872,0.6665742505708131,-1.2959574572919124,-2.9545589535592844,normal
-5.181188565600883,-4.385210584762415,-2.9171184755576296,0.8986573399866021,-5.345293949678238,14.608419096729039,2.40378011512043,0.4748132630833605,-0.5749925663688421,-1.1897992439291598,normal
-7.316469560478878,9.047016547707083,-6.929130165776843,14.888899414157445,2.9845590698097717,-6.421664677694923,-1.779172937751462,0.19533995903757675,-1.3613559557621926,1.2337299655180687,normal
-4.660932646751731,-1.5416698877732242,11.825844260114172,-5.848424714792295,-4.087691198495754,-3.4562360006889907,-4.510418176457899,0.354714807650173,-0.6912429416300808,-0.08140294767361882,normal
-8.413507978209324,9.524148547580948,-5.804095427137878,14.759292814558004,2.6409620599705868,-6.8055347501553625,0.8355336907418124,-0.4586198577059205,-1.199181379020366,2.2078048184222414,normal
-5.351290083366382,-10.485806171025072,-4.592589274419797,-2.172160863201878,1.0138798033723277,-0.924748197599569,-1.812117906836225,2.531781133832031,-0.7369054478822211,-0.8386387607128052,abnormal
-9.33157793280698,11.039266411951722,-6.289178597281502,15.973916015390675,-2.8193955500213512,9.179926377793999,0.6670795062531323,1.069887587301886,-1.809132029462006,-1.2492941463432323,normal
-6.323333872966338,-4.407738292834202,12.663104901040958,-3.8547175325256937,-4.968021864772592,-4.085495490321768,1.3202816499319239,-0.47725181921456533,-1.7771768171427977,-0.24210967212440643,normal
-3.488523476672953,-2.5432297574111975,11.252292332084588,-3.703178981309628,-5.165794868295636,-3.6183358293063015,-2.1135371008350794,0.2635423821874885,-1.1371969022759354,-2.0601808227145684,normal
-4.738003942387746,-4.62477515022079,11.939915951041051,-3.9427016613529644,-5.8506552438446775,-3.681563478277304,-0.2648207481276877,-0.7758900638113214,-1.5462372131301572,0.500677412690966,normal
-7.643452561663518,-2.255915181693827,0.7866529166858828,9.99636649467917,11.487395579947552,-0.3579547299356569,-2.5359201497746877,1.0762204689392585,-0.9485282240559703,1.3628071582031052,normal
-5.181997659098232,3.2312969571143872,-9.895838049322197,3.502757746390689,-7.879592787789212,-7.0509143924970825,1.9283996122540006,0.0719062984340776,-1.0676115960747616,0.7985125730857843,normal
2.0397073068146123,-6.7785207815646835,-2.94747927628323,0.5620639644392339,-0.8339401565807986,0.2450851083526533,0.6014237384205626,0.9106433470996491,-0.3372474856631499,0.2592009258577237,abnormal
-8.368983488215791,-3.1830571279023574,11.931518641834458,-5.663001309358256,-4.811733968545354,-3.946706818636313,-1.7418131604794918,0.13451595470089037,-1.2150441547708815,0.48233597451975196,normal
-6.353887859972943,-2.624069603997349,11.411982375274357,-4.992351598038494,-5.946933307838016,-3.737955741429589,-2.993154878287286,0.05510996153908612,-1.262152206322526,1.7048120070508639,normal
-7.122448389070562,5.330899305023603,-8.815846963365441,5.656149146552226,-13.883404433662534,8.29867146537584,4.569319347369299,-0.3136217672249162,-2.8880177010928105,-1.4425830294336341,normal
4.989231539718489,-7.612559350879084,-2.3268585490660554,-0.6418562456909088,0.1585966342401104,-0.7429935550298585,0.18776464413467933,-4.155979701204088,-2.25546759005785,3.577412729864487,normal
-4.954608534986279,-10.02394663751275,-4.629882506037844,-2.4044644012315928,1.074414234922783,-0.8155650400175408,-2.713373044019294,2.592762183531571,-0.6547521683685503,-1.5390992006735729,abnormal
-0.8747983896897888,-6.924680907336267,-3.4589255914575214,-0.9110073386062393,-0.22835017108646632,0.2743006499091957,-0.480001198861951,1.2445692181063754,0.10205077479898027,0.737527206710745,normal
5.904325504761456,6.346443391689813,-5.030035559558116,-13.405767808259338,9.71843321743687,0.7550267479821844,0.8922249627193821,-0.6449887027529094,-0.07188721523666111,-0.7557843275345686,normal
11.144064794944786,-1.7583345453096924,-1.7709434229292547,-1.9804626595422603,1.5485078965837138,-0.06108936361339428,-5.161530210011961,3.054907344646488,1.6635040512422699,0.054051417170109924,normal
1.868319696717818,14.997638497826193,-5.292743564209939,14.661370911577617,3.132557603830534,-6.18182706908311,-8.003097065858915,0.395554631438253,-0.1184409819401891,-3.476902742162972,normal
-1.1234842169133223,-8.872288364203024,-3.335263695862462,-1.0517722937165395,0.4405015695891446,-0.7963278460666775,-0.1024939482598361,-1.993722738859213,-2.1603501935399505,-1.1341391015710982,normal
17.03876287802844,9.091354270503505,-4.039531534265837,-12.695758320284908,9.136144692764677,2.4634441740626154,-0.7183315332733113,-9.322393938848945,-0.7231851831008772,12.377800433348929,normal
-1.5068884611445958,0.6711720457304746,12.005111261593111,-6.603982907856212,-2.6229194777180806,-2.9956259620898544,-7.627664323527922,0.28082370604506185,0.05495683603876586,0.8351043934737079,normal
-6.273398885470196,-3.893762076645453,11.902068138328586,-4.193484713528682,-5.357888449428481,-3.8555972765091737,-2.0682322814969747,-1.0196381678411635,-1.848726078791577,0.9619519131377808,normal
-2.434114667444273,-1.7390362836010147,2.72341395940956,11.911017634293447,11.021832471551793,-0.6183886319815114,-1.6601186732519357,0.15087503303904856,-1.4066565730499894,0.9982831496233024,normal
6.664777161675271,-4.120297551778307,-3.2403383900924454,-1.9159808573937096,0.5901864374001341,-0.6349947807795354,-4.365487943030444,0.8186447168186962,0.9346075172602406,4.430190029142127,normal
-5.246701642690539,-0.4284604438786793,1.2460839017929801,10.548658117271236,10.675182654575558,0.8009766224069906,-2.658537046423073,-0.16217200877625154,0.23211799853183052,1.3000305629048317,normal
-7.573988603777915,-2.4379320826592927,1.4142462842232773,11.051271087877641,10.267597340360528,-0.9785237198889019,1.323926342861489,0.6062262502989543,0.16576816979737677,1.419889637212942,normal
-2.548266628217063,11.715779131291848,-12.039514326672728,-7.580597362756742,0.9629323984097437,-5.9543734032474935,7.324598927850011,-1.5977205552002454,-2.1298449432111353,-0.7699687660959907,normal
5.108744920922533,5.980207797101572,-3.67634644595404,-12.943452133562266,9.219475979647092,0.2952865380937183,0.9634497485827345,-0.3527011793185936,-0.3430427164081822,-1.4123580785352365,normal
14.329848118785188,-3.989228189187023,0.3070291403523633,0.908068111753652,-0.0160997998150638,-0.09134800150818007,-0.406427168242993,-1.548615810140133,-0.7597179147971509,0.19069615777203458,abnormal
4.074943034375574,-3.4824659133527303,0.6748993002920852,3.8638523095735744,-5.840373832340484,15.922484655702073,6.508845925288275,2.0153199270781355,-1.8330319305739107,-0.9764140432785369,normal
-8.654174490813945,-5.214280458513131,11.861219508904023,-2.6015922431836036,-5.526631664815722,-4.774398255079849,2.816272044878418,-7.596141795556073,14.997512558396217,-0.6184369619736632,normal
-6.151126890045558,-10.580004262251158,-4.938795492148614,-2.4873410145878596,1.0793649515039536,-0.8587503192410477,-2.377191973385403,2.1384001020959236,-0.8669271029637087,-0.8063746975938787,abnormal
0.29971996754587593,2.1439468059695086,12.836294184427906,-5.343657528845093,-4.307290287263173,-2.2994323824706897,-8.393002577000502,1.8901296201407214,0.6989310470544474,-0.4407834069308117,normal
-5.7907020228313595,-3.2211521291021925,0.9904673288906318,11.283311255340008,10.082963483338006,0.6589154975777703,-0.9123278592434633,-1.427163577978097,-1.3770795265688407,0.9280882006737633,normal
6.921520904569543,-3.6063412113039557,-2.050145397811237,-0.615569947768634,0.7208187368684564,-1.0282912437504004,-4.353677053761211,-0.9648390824579347,-0.8383507468796091,-3.8517868629551173,normal
2.9874274585723715,-6.70704067272591,-0.9670490023128624,0.2596543891665835,0.10497932652280016,-0.742373378435961,-0.3820626908262816,1.519376729944132,-0.9446286386836685,-5.344742439471831,normal
10.529638788759721,19.35536747979275,-9.911683134959526,-6.342024570062241,0.007609024477121114,-5.805135700740826,4.2474694543522125,4.4190311215219715,1.8021936769480138,0.45288725559937626,normal
-3.711602020196776,1.4848465703486373,-10.214407678990755,3.9906062911877958,-7.8692439472536115,-5.954585073681131,2.1887719922554307,1.4122113413182753,-0.7550577263733773,0.20411500656988998,normal
0.17815506253638164,-6.339713924488774,-2.7258779151479,-1.7903245100791316,1.1936068522641972,-0.7740521232932208,-3.931501153742475,0.9364333841607623,-0.1489918899510763,-0.8263116784718348,normal
0.2916158317982289,-8.558343994222179,-0.8538801074770652,0.4358103075567607,-0.10978541429573585,-1.3565048281868857,1.1435740638076528,-1.6132373804781885,-2.036052501578012,-5.110841600379112,normal
-7.322953031875138,-4.553223462847099,11.865319655302232,-4.655540694368077,-5.290208133233351,-3.9437133099317525,-0.6765913274351113,0.19664703781679405,-0.839671731722267,1.7492898272427335,normal
2.811640807416082,7.239590188782276,12.715805700036409,-4.141301724222445,-9.01149441771099,13.652365351118512,-6.8834617839448615,2.1072526778695675,0.8123001199215346,-0.2280368187818187,normal
-11.373400154975817,-0.5149182030395533,11.337563483042878,-2.9021566567260164,-10.825813127687583,11.375166783223838,1.6966785856966353,-5.167144186224694,14.286221544321537,-0.32092513138557766,normal
-2.1835244056982375,-6.726858124331392,-2.2905176652681565,-0.8667276739514045,0.3697359022821711,-0.7206612086799318,-0.6936594231103924,0.5444483069525307,-0.5771522343491977,1.8247235835258808,normal
-5.313677674700365,-10.6679868061239,-4.339651083198786,-1.7110977786415784,0.5935729167366766,-0.5540738419945387,-0.5735881283618308,3.84693577855649,-0.3871370435603613,-0.5688489677567536,abnormal
-6.212197164437808,-10.756269821984056,-4.763988075230815,-2.238070729380104,1.0074123878947305,-0.9565017671026319,-1.850451106906453,2.7245348121670148,-0.8179618149774259,-1.6805393326446918,abnormal
-6.808954845302997,-4.213066822402448,12.482890095896504,-3.743283304679129,-5.096228431191402,-3.7324380267727584,-0.018869797542049118,1.8963851552653392,0.10731753711329359,1.9255181989970143,normal
-1.3955375138526749,-8.877754424162832,-2.3341937575089293,-0.5734762041764496,-0.20635032528533065,-0.5317278641544108,1.7134858597242935,0.31102698265523426,-0.556154333105118,-1.4639503204297781,normal
-8.808715754308,-4.2272294924865985,12.474049574522569,-3.170977448438332,-4.404875629000285,-3.461024252915087,1.8758732092343888,-6.654024135521499,15.240799879521616,0.2789664867410781,normal
-1.3014296293496195,3.658623887569201,-9.798387452711179,4.271374682654986,-7.53454059625194,-7.4862485368622504,1.1235108014709148,0.36462075939325633,-1.8426711897687749,-5.2721115387828625,normal
-3.887766791451438,-8.77579877120933,-2.767307528552869,-0.7953783279482493,0.977357493774499,-0.30793435184229145,2.811756504874851,-5.439823929314178,16.300649482408996,-1.5049017743311055,abnormal
-3.8498026389605755,1.608883098903613,2.280318037979984,13.21385466037883,3.79673657761592,15.589993510004646,1.7398482637865154,2.1931033209021185,-0.79077123312124,1.1748662500198837,normal
-5.314145583298012,4.626092732934023,-5.294391154607256,-9.767655015342003,3.0019092994765124,15.668991844761845,10.898256751054186,-1.7204432662976703,-0.8428856322243978,1.8128477044210562,normal
-6.626072240426516,8.838900686335116,3.5882675237751274,-0.18336635315369001,-12.939613473338992,-8.627885941599612,-2.648972641675356,-0.5836627564497577,-1.499271401604305,0.519179659439978,normal
9.174643722417912,7.268206055226772,-3.500803458202474,-12.688763025279215,9.659523796348546,0.9281136069058407,0.14368842524009898,-0.15192039068241986,0.8377271699585279,1.044064167279361,normal
6.415151790568786,13.803469087421046,10.902243691626895,-16.431404540782427,4.036385861015661,-1.9874840754107486,-3.9904438693221,-0.7047585468882598,0.2945914279668497,-1.2470824344431666,normal
-6.835381447974212,1.700329799056226,1.3735672664621068,13.234313957276582,5.0262656244937824,15.881001247298515,0.5745891112564415,-0.39394607525529574,-1.1107508650915472,-0.04048638315503412,normal
7.660991351122494,14.122542385377713,1.1080775043540292,-0.41008094609070284,19.984228911309078,1.9255396514611534,-2.2503732280616005,1.4745914048162654,1.2100504850333302,-0.3041227305739241,normal
-4.391801616585127,2.1184625330818987,-9.316001510273855,5.302360220924377,-8.043429348972472,-7.159997544299164,3.479679942512155,0.2680112622246059,-0.17047581599411918,-1.3017428975079137,normal
11.453681221595948,-5.257590028061646,-2.927869508937381,-1.0283883412152344,0.20123721809222858,-0.9860467431863209,-1.0704098802618691,-12.480086109396279,-3.948158769765931,11.82076885327701,normal
-1.81516128848333,-3.7131851479525495,14.097528815917435,-4.0294076157075525,-5.905169144753487,-3.959565148288362,0.31071426535550317,-4.556520938280516,-3.58794042834199,0.24727254409252983,normal
-4.651664081506003,2.503456299874775,-11.468579881972355,2.7650082432041376,-7.575688384117183,-7.3479521196330815,-0.1905442696487615,-0.9347737936027892,-1.2788145643674729,0.29951828996318003,normal
-7.332904874378938,2.4629316422695062,16.211353207986,7.825246533102796,5.468327532068529,-3.1477899680304144,-3.546380831793694,1.0932336162676766,-1.0034307812643264,-0.2692600447175019,normal
-11.938496700342181,1.0068118973032945,15.6003767463869,8.058708722672979,4.482354258423998,-2.8366429807284232,-0.49932299948060804,-6.2420728968390655,13.766949284863205,-1.1922632606467098,normal
-10.112763242940076,3.4119042515166864,15.807886820398888,5.470841871154103,4.7077639131037525,-2.831511968105904,-4.690822885440026,0.08564539397525278,-1.36534550789213,0.6253089861842649,normal
-5.8156000191372375,-3.4702621614990017,11.653798239767735,-3.4745507394233495,-5.480251876437688,-3.371492761627783,-0.8501821501155742,0.5773357442124154,0.2476358178766212,1.0767610469344433,normal
1.061646943712319,2.340031289306151,11.503710842974247,-7.541451903672085,-3.9799434664530984,-2.7901123149326588,-8.959754031554711,0.8495831324740817,0.771895746323126,0.7674446115527761,normal
2.3534296708985507,15.746436878139177,-9.720866748576174,-7.30851530839374,0.49792833434625816,-5.179108130214151,6.415719761386962,0.8082966153631153,-0.8025619372355808,-0.8912296842315692,normal
-8.378093341890525,-1.9350119591217294,-0.6936531759190864,9.930182827675113,11.747159996035471,-0.5696785270798816,-2.7353335096686187,0.2148586328752796,-0.830335749862196,0.6872935527453474,normal
-1.2141003048912775,-8.213243865953869,-2.306181144217122,-1.0867918335401108,-0.1738644259768932,-0.5531620859962503,-0.4334306131615714,0.9094160595796431,-0.27002499446192574,0.6109806827458731,normal
2.7433203480402835,16.436702329253638,-10.38030011321287,-7.634190204312184,1.6373041405961282,-5.320637265663332,0.6199399866405282,0.9789310452447322,0.3058656085926109,-1.8301658075401852,normal
3.833989155242164,9.03573702871287,17.923185704567764,7.7347258815251205,6.662403123193339,-2.4222863433881674,-8.444420747767714,6.0777291544892655,2.714361303301358,2.999305917769324,normal
4.586879736984037,17.140670681806615,-10.333798450758554,-8.575600180138261,1.545475325130721,-5.177803480016945,0.5970475192885687,-1.2843601961215287,-0.4223029459563434,-0.8779267210307464,normal
2.12934155204725,16.805694979884855,-11.071170602523242,-6.769155720928251,1.0291166453160774,-4.286019043923644,2.7856360927387844,-0.04180896248817948,-0.43211755049488326,-0.8186649194421424,normal
-0.6069463287916483,4.809293105069957,-9.066463343791932,3.7803964193457564,-8.172181648148554,-5.899395905504857,1.0173620886047028,0.7199590656426499,-1.3731339601670616,-1.8898397313647657,normal
6.141355212707621,14.156086333297184,10.520130040489853,-15.867482303972691,4.5449186579473695,-1.4399481952339819,-3.93691283149385,1.4945064197238507,1.0757569312085238,-2.8432157497986537,normal
-1.4120168228237373,-7.7807442608045205,-2.8543555016157462,-0.9123426552146987,0.8554525599003117,-1.1638641152718618,0.02122564077509939,0.8519148164651803,-0.7095775572195937,0.582776714162504,normal
-8.48210290596271,7.152996243827603,3.556011582497296,-0.3093349520153536,-14.050939358782845,-9.914127047791196,0.42986526806373593,0.5606163880925094,-1.6928789904624453,1.3270020988528113,abnormal
0.09390787153070855,-9.24484413944647,-2.0553900538991097,-0.0036377383710885815,0.5407661568362965,-1.212002251416847,1.4643616478046948,1.5824861337079545,-1.1805421923285624,-2.74640690665472,normal
-0.025793142780075624,-7.522040070954191,-2.035546582754412,-0.35095836573662803,0.6052603956093273,-1.290996724384189,-0.08341435637932954,-0.5369457517522607,-1.3621242240528968,-1.1912724486343944,abnormal
0.29049817572636333,-7.837288416238921,-1.9028072992139664,0.802597073602799,0.79629772472409,-0.8577044788227387,0.5281128451274968,1.0471719418411454,-0.8811655347951854,-1.1546218109719089,normal
53.7519873425809,1.9195584213212595,13.873134040690118,10.897156715752732,-3.607305621773435,-1.8760579819521088,17.774922747336365,-13.05126692451065,-6.378623188169942,1.7955840021533622,abnormal
9.86037753681553,-4.111178641777386,-1.7249694843371004,-0.9169357202409765,0.026798821088628234,-0.5571519642016789,-2.915592408703281,-3.4307309469635063,-1.8261703988859166,-2.74076866721813,normal
-1.9190116808485516,-7.941359950997768,-2.721832493638799,-0.7454323916793912,1.1892193745014026,-0.05970035708891358,1.3811193695173032,1.7667328712877737,0.49169169370353427,1.0584383939347075,normal
-6.363060001625299,-3.2553258996250682,1.0449964868719295,11.240485018933235,10.96755577432599,0.09597481714547075,-0.7692093189568429,-0.3969172470297982,-0.28075993321325116,1.7987641854385068,normal
8.835243736705237,9.496453207841755,-9.171008302213377,2.707648120131072,-7.538525741527561,-5.768463318339292,-6.165776993272733,1.0385497224720008,1.1798466488493096,0.7598369201617945,normal
19.795802286177683,-10.571632379560535,4.4375087569619085,8.033749503554239,-1.4225885743771702,-2.7674263651781006,20.875170198911523,-7.486212783733994,-2.9516994901346334,19.486403520828233,abnormal
-1.0072142602919272,3.1230902738653916,-4.096771916210107,-12.325989441235853,9.0510537673208,0.9224806352557433,4.503720971758093,0.689607335079126,-0.6416085386939094,-1.3617705525912256,normal
-5.5443812897527645,1.087169996623088,12.938828068958063,-2.7500604650702525,-11.39742228963987,13.259088007880315,-0.8994527272155795,-0.09937227361639336,-2.0439371989155584,0.6390726145332776,normal
-2.5546786465219333,-8.05414782672507,-3.0363765102125315,-0.4174133993861275,0.20206274683956418,-1.2356005941744634,0.8207039463066211,-0.9117844992941211,-0.2807347974588967,3.1273834760036716,abnormal
38.729587962456655,15.904614690921472,1.5217732564740518,-4.484138378120679,2.8271977613388595,3.2890801948909405,-24.11609595909431,-1.19736367404029,6.716362556065693,0.09262483892365049,abnormal
-4.728169434292474,-1.367816906177168,1.213228828029601,9.073261741549743,10.687006076029325,-0.5506181662993026,-3.955545002530865,1.4148832773049909,-0.3057367290291155,0.2915504436988412,normal
3.881663505991448,-6.9326555091948,-1.6172299671703636,-0.07908964179140546,-0.2773011390483716,0.6135636171042353,-0.2774906047201677,-0.3620326938972577,-1.562935362467944,-2.999929478211121,normal
2.213769114278608,-7.028666268924362,-3.237684254942323,-1.5259616466321715,0.19312545940940984,0.5855003749341636,-2.4280745308407496,-1.0164702018583809,-0.48580122008142657,2.1690916470604136,normal
-9.495148879675561,12.174778278931932,14.763277931570617,-2.3758585895466897,13.32435521024747,-1.835384763740202,3.2854364130750784,-1.0292888867561296,-1.428248504084408,1.3520276973311116,normal
-0.05092379264630215,-7.609049804182359,-2.4879483995931975,-0.668813641076272,0.030710076094558093,-0.6500572976649772,-0.6381528448241314,-0.18426266314424447,-0.7341451709998467,-0.6783381727171182,normal
-5.529991351464916,-3.7156095486498195,2.8891606697551646,13.578462596921542,10.130374404938513,-0.3025179536000676,6.711169053459901,-4.350921649190761,14.962994105238176,-3.3002788813616366,normal
3.564859482989065,-5.840126895667115,-1.277364404465905,-0.5194528706050104,0.5967153321040001,0.3104205513126406,-1.9003724719948567,0.7084150410141378,-0.46921681329559267,-0.9017278822512517,normal
-9.880360062548567,8.004678074105211,-4.944498108784771,17.779025098124492,1.0940505192263759,-6.36796746195569,3.623096711830402,-5.659101187244731,14.927999519534652,-1.7814923935525255,abnormal
-2.7188697664304367,-8.462690204997418,-2.749001242010276,-0.9891772451371913,0.543093377413525,-0.12468018456125776,-0.6749150556760748,0.3057239330150515,-1.0623069253607464,-0.9288466947356281,abnormal
-6.899809719982057,9.653671350252916,3.986475775374925,-0.8101241633073238,-12.72934748427838,-9.254335870756657,-1.5780358553289748,1.514433423503887,-0.4973190260307077,1.4936533063922521,normal
2.1575933923668256,-7.276986110021477,-1.325297879569257,-0.3464746506484312,0.9761809942048404,-0.7761357981106484,0.9912042953406695,-4.306283249815294,-1.8477824909551968,0.3388680079649609,abnormal
2.7819859803009095,-5.7677634701513245,-2.3701647442646183,-0.2485637608986208,0.613636833170784,-0.847739002223427,-1.6736919046878003,-0.2960221531573403,-0.7404435237963414,1.610755301031006,normal
-7.640066083268032,-4.645788929201883,10.70376069062494,-4.750200325278557,-5.326419467849835,-4.252987962115292,-1.5893462621784256,-0.19820290603455293,-1.0359552241903152,3.1612593745121984,normal
8.211546926199558,-0.5492268643322913,-1.0326187771396667,-1.5863994769578258,1.4298262603363652,-0.3505279857948037,-8.415580599875883,1.7648912740546565,1.3096282470784177,-2.626953242636622,normal
9.53799820827189,0.5528665677218049,-2.4059299155971723,-3.3258941119308654,2.576926419169507,0.6703706114595421,-9.76045788799668,2.0121062044137763,1.8333773250844672,-2.4020552810392832,normal
-8.54946920612123,16.056420703813973,3.0171748179100355,-11.330013163577942,-4.56583703362909,-8.92814311922096,6.805131060943391,-0.23616442490232156,-2.1068035687910935,-0.5216748123482129,normal
-2.400724041693799,-0.1966090664949804,13.044072160478335,-5.357050310451079,-3.6969668717896864,-3.318322452123707,-5.505770028712494,-0.22761739836714123,-0.5448681820537219,-1.1111815092534147,normal
-6.323917073242456,-10.563562087045021,-4.871108865551926,-2.3936962727342443,1.0584749794453394,-0.9001122344850234,-2.153620402642699,3.7587267285450734,-0.2470284905576067,-0.7786147954294866,abnormal
-3.507857904787334,-5.5421841793555195,-2.4048028987879744,1.122647705041997,-5.4132610694436885,14.863626936820394,2.8431118308117953,-0.24701194533700824,-1.367433815193033,-1.0913964315928002,normal
9.838172285281193,10.086190599746693,-2.6654402649774522,-13.167807062687636,10.656012055178653,1.3531662353843303,-3.452477806232368,1.5683442504489364,1.7332764256081805,-2.4158830389916246,normal
-5.817169865083834,-2.221468455625148,12.028149416496921,-4.656017399048973,-4.673491320168827,-3.4879119711412936,-2.0443155104149673,0.3663064005827341,0.6300120384002864,4.132684377357755,normal
3.7619920776594387,7.807784193165765,-10.502136220158482,1.4705318388477113,-6.490548617077695,-6.202404035750532,-6.098436195085748,-0.4378799775674355,0.3281824700607319,0.9912731269623817,normal
-8.521906711136255,3.8304062782739092,15.035835813221151,7.416157714504355,5.271031827880289,-2.6072282783622858,-4.219604877144866,1.4166714213498008,-0.6800100442923975,3.1778515565820804,normal
-3.0481386031389315,0.5605179002185265,12.212743943468908,-1.6249430512718632,-11.010148342784705,12.425972410949138,1.4293634592595357,1.0643520119067869,-1.8026256921423172,0.2482045420204715,normal
58.32443852496449,4.133304091059029,16.186829458400396,14.07256492529357,-4.842247690864915,-3.5587713452383887,23.069312662156197,16.592210585124906,5.534824295505457,2.0097472613344713,abnormal
-4.810398124631567,1.9759877136924555,1.711407493932368,14.025562757234033,5.0512291220662355,16.238870352600593,1.0735528851370437,2.648563444713276,-0.7880764296959706,2.3985309462874964,normal
8.06042117506093,-5.811009846847803,0.5084485358505768,2.5738291982691353,0.5541451070513757,-1.8520053708254691,3.7606333783756245,2.1248545477964265,-0.8122412069821133,-4.191072791250156,normal
-1.2683986828275848,-9.405394834848925,-3.156409417415545,-0.6784523554566568,0.21359858870257,-0.6773069681341876,0.8250412624256421,1.074353836215142,0.2865407924606039,0.8663197441326236,abnormal
-4.709746508468355,-8.810584162532917,-1.9889132598871535,0.07627319276072951,0.732196150435835,-0.43768750196346956,2.8307042739555506,-6.085097018081906,14.403079653530202,-1.6535768734326604,normal
-0.740711043313803,-6.987812072304516,-2.038401766119983,0.33895847176104027,0.32101730306036247,-1.350949868832449,0.8223018990683995,1.345772137886535,-0.6848684294248063,-1.871105286988063,normal
-10.431882641941844,16.104061042872267,1.7608906942832339,-9.502261861227236,-5.593298354971363,-8.129827027268888,7.647607832196186,-0.5388984875864797,-1.9292526042071765,1.5764909017630178,normal
1.9127578023923064,-8.118258075583348,-2.8317578023009635,-0.9039817717043244,0.5274988849628648,-0.06979272808203774,0.001443938641665828,-0.6945080653025025,-0.9536948810283807,3.3105682438243584,normal
-8.378569516959578,6.872386455971231,10.071162030598611,-14.984517069573043,3.652351177246139,-3.3393580359549127,4.096646371378219,0.186954811793965,-1.7131598207376142,-0.5648453493891895,normal
8.105735117097279,0.047004857182439186,-2.1661841379237616,-3.365352722319195,1.9203642630630797,0.5165641113846852,-11.1658536151054,2.631300584159337,2.3843492079819666,-1.7814220050967526,normal
-8.855891738319285,0.3318448888770349,11.40965719893007,-2.5727273955876377,-10.463140319601196,11.99226069156683,-0.30156774807517184,-1.0931783091285434,-1.439755129305691,2.320670149417086,normal
-0.886760679750273,-9.167032434567755,-1.9503020671236408,0.3527628556232189,-0.08568314344258246,-1.2495588103436954,2.697550925380942,2.5374808110644453,-0.428222970007683,1.8909916979429306,abnormal
1.2848600127903809,-7.971711855898451,-1.8231912155081855,-0.08605046018674001,0.4911617947368365,-0.6461276567523653,-0.043059065618912866,-1.8212838178778297,-1.4630617752999135,-2.449039459642597,normal
-4.1433704295430145,-2.1698737457434443,0.5948384327222778,11.869170733563218,10.670198992956053,-0.5952819790859989,-1.4922532734765874,0.8205617412837188,-1.2350520813622718,-2.9587390679199266,normal
0.10180969157743838,-7.348040372005206,-3.1280757070789114,-0.5678822017970205,0.8537250109883582,-1.1113058907479492,-1.676889512493326,-1.3065109994031947,-0.9605660614054702,1.0204646493980163,normal
6.363790276988384,0.7823713988230838,-2.9445123849657335,-0.5071178633850475,-4.685235342057599,16.480579565283662,-3.576316270040785,-2.4184280865755916,-0.6399447579798974,3.098085532716774,normal
34.81079394126708,1.1402017133726703,6.652321738578973,5.584965111594282,-2.538235249826612,-0.9245174567861535,4.551257971248514,-10.247210588052033,-3.9203226992213636,-10.401198952851761,abnormal
-6.536460313667274,-2.5040039209259133,11.887435905616108,-5.7348722515637345,-4.294140371270008,-3.685285100765686,-3.905860214076871,-0.7247959455749997,-1.2198919303411848,1.1280737736680082,normal
-4.759701638637651,-1.217003340929108,12.027814633280133,-4.797873669470988,-4.710620987732577,-3.091427200528873,-3.9460490161960884,0.8266929607536068,-0.4261139002564882,1.2232671457936384,normal
-2.94996454829579,3.434451651575102,-10.382408146115955,2.20513194610459,-6.889415470262831,-6.473008948420501,-1.8552612805767932,-0.8016908481046157,-1.0087678709386512,0.8114071196982415,normal
-3.6038674918171725,3.5093521376313563,11.685738034994245,-3.3442602439293485,-10.910130003906927,11.9567501138625,-1.9328075281850723,0.14086239783509252,-1.3184115947340527,1.379034773151131,normal
-5.372775216880099,5.183087473009361,16.101269546895743,5.875656073070007,5.72467353984038,-2.10982210783561,-7.371329912685271,0.07396065409985424,-0.7035610476200032,2.27843372605029,normal
5.083906433710099,8.332655507515787,13.122608006768269,-3.1179118692354386,-9.882995460462743,12.792734785553671,-7.990349120737275,0.2554068120928928,0.1301640169851911,-1.287928898544399,normal
-5.974039629089716,-2.6197588332063733,1.4225182685830144,10.924719163391238,11.067419369778072,-0.3499594292462745,-1.9236652223937152,-0.9293864911348392,-0.16033793269966223,0.77409855961094,normal
-5.723629935558843,-2.131131936355186,1.1720725334084794,10.172731668043008,11.547303006487667,-0.10350858288338233,-2.067527798132193,2.9260750049798787,-0.20855901392375487,1.3581712226272522,normal
-3.6536663520414185,-7.70461243895315,-3.337767458803949,-1.4596881424600725,0.9558288175515661,-1.1975339487253172,-1.7949438472491528,0.4251563767999762,-0.1580970480394655,-1.2629356303334556,normal
-0.018078209247973567,-8.237452785498112,-1.8772670115257502,-0.6689362895082109,0.79060608585527,-1.138991696123566,-0.37388485188124443,-0.8642924559629478,-1.192421041802857,-3.791540970435978,normal
1.197727220744005,4.068327917239709,-8.823811638096176,4.927242988164277,-8.520721510996939,-7.4257449193250915,1.6068890698337752,-0.21468574152956107,-1.3058154849492682,1.8840127786983905,normal
-0.7000607521968908,-6.048192024160169,-3.8921721508597864,-1.2739382625504743,1.1455059960656497,-0.7072715911751121,-2.03630836242159,-1.2593771010726558,-0.9175199543406549,1.176383011468489,normal
-0.27315931189115406,-5.2470121017571945,-3.0799869882966076,-1.5214674526048604,0.6790352069273359,-0.00788045375031267,-4.051469352858286,0.4264800333893382,-0.06110863624008936,1.6438236683943404,normal
-7.964017186754975,-0.6714070599360188,12.233269666706626,-2.41757747312914,-11.42472018371161,12.409233669837407,2.1556556633275936,-2.6751465665267142,-2.1810697705000606,1.5121482677943623,normal
-2.1289809326757396,-2.66497101544927,12.663334922471348,-3.789364467751275,-6.308134863279856,-4.26005456013426,-1.3474754973641612,-0.7552948072901121,-1.6844583042958319,-0.7664829745584096,normal
-5.768357978018037,-3.499456817611399,3.1953686922047018,12.9956064378204,9.721689976213026,-1.0432478514263903,5.115038266054184,-2.5497235635315794,17.08517065516842,1.0195770019771058,normal
-0.8053189391782122,-3.0391885076452034,-1.4829259901355776,1.8595410918734452,-6.490714067489732,15.870973915121802,3.5087224667211236,0.7895916818544473,-0.22513511077222287,2.1777967743272892,normal
9.254970838682862,-1.040262020525468,-2.8211032545817365,-2.3792319872834455,0.9642180664187443,0.33077631720548284,-8.84140165701505,0.9415953247150006,1.352979387834606,-1.4744893346197074,normal
-10.547499929509739,5.476326648498712,-0.3598148028548,0.7579070087930605,18.744967371530073,0.5256307643488376,8.7872910547863,-8.101576657884005,14.27688106613175,-1.2315974794173175,normal
10.176843102929647,-6.43312547090052,1.2729928384379705,1.8912821858913902,-0.7186054380941638,-1.2242300994483712,3.917173434821871,4.311738330239376,0.13724208177972566,-3.938864769699604,normal
-5.690086146994025,17.49682378245873,-11.169133711740228,-4.480358175966498,-5.317861997252406,10.438290967630738,8.41698335978476,0.777751699001239,-1.8564572729424313,-1.0304901724745235,normal
1.3688784013407647,3.4668040052913542,-9.063985022899127,5.4399617214883405,-8.575573383477046,-7.275943857010818,3.766737542439299,-3.0175133232042675,-2.3365222106765877,-1.5856240826627928,abnormal
-7.2389351457124125,-3.873586610811438,12.363791421419577,-3.912424645452873,-4.661316393892992,-3.5251123759694454,-0.8455707054819172,-0.20810489820785005,-0.7632153756604665,0.5017966681793112,normal
12.243381348796913,10.907532329712001,-10.553651605146953,1.040909155196498,-6.722841105229003,-4.962181035782042,-8.06783579196879,-6.059362159017846,0.4634472027395996,10.10516106597983,normal
-4.608929851567838,-1.4946070687575392,2.0126271785286853,11.208426195426075,11.595589932741873,-0.05763399964556925,-3.72829976245399,-0.6594885403866471,-0.9589987938777446,-0.9831705862457721,normal
11.50587940325525,0.05830853750426387,-1.593789308667224,-2.7425838777730163,1.5206944422021116,0.4874225577712763,-10.04459754031752,1.1093020457098552,1.6848725313469208,-2.7105794852938785,normal
-5.431612332883821,1.3400394446375306,-9.57433856795693,4.2480932647504,-9.382913341471996,-6.674538229326404,3.791163602567275,1.0245758282163826,-0.4841597292807534,1.892392175268772,abnormal
-2.4080130689677373,0.7096626138327993,11.37844667946248,-5.138529963006626,-4.454227532119131,-3.07508246001433,-7.882914610386304,1.1869012273369048,0.25500995352712,1.0201375653534972,normal
-3.878841538430688,-3.413069217605955,2.7395165819209226,13.533241303002612,9.968198973605364,-0.9147024422111356,2.5707572977052005,-2.112288573841177,-2.3122450434192072,0.14482679953051908,normal
-12.195891661843385,4.77709614396535,16.358686215539315,9.802437088809935,-0.34603333638719563,11.972033064584956,-1.0831323473721444,-0.97561413472041,-2.5123802839172726,0.050884779387070325,normal
0.43090539185054433,-6.753222888389727,-3.680670045714521,-2.288388173643601,1.2566377708886094,-0.5952262078771523,-2.219334994271646,-0.10710968152592783,-0.6913240661497099,-1.2217118552636028,normal
-0.1438673468838212,-7.734919888004243,-3.1375847838378053,-0.5354670749820813,0.0614674302959387,-0.38873298364061476,0.25158861724457393,0.22756359545927507,-0.47066866358135123,3.1471395025391287,normal
3.7925940685374626,6.792427945335466,-9.900545021678079,1.6008800896075535,-6.6006289896083405,-5.639420477765773,-2.950034877967603,-0.4251473511551384,-0.1866805651544617,0.8585479666553146,normal
-1.506188802653064,9.489036103052959,10.834254855000369,-15.8836800033434,3.7574214418236247,-1.4433409289967367,0.3570666250741736,1.1776211785170143,-0.29251720298507294,-1.1468635723103342,normal
9.353071162254206,-0.6361499104769227,-1.6580511543064311,-1.6234218618634961,1.730750055410321,-0.0995391953068098,-7.052498854364119,6.30053144113522,3.601808325687579,0.7522207024900748,normal
6.856238504426021,4.003066978837114,-5.669542260751936,8.16176234720569,-8.622357556159779,-8.303993096788236,7.29947387925361,8.34662628142653,1.150086457358265,-0.2907415213077688,normal
-3.222560665196014,-1.7294353200639134,2.9082744648094465,11.427231446759228,11.02206511482613,-0.4051514824421916,-2.6423410834312975,-1.6883939011568738,-2.0158442637222618,-0.05878566930687935,normal
-0.7714050536868087,4.643732621525584,-9.763037056797897,2.516941071159292,-6.961151905265542,-7.125863487269411,0.03023301400739898,-2.0825842930974376,-2.123501287860741,-0.6895901642695039,normal
-10.98075543660384,14.48453378550441,5.047567190138353,-8.413973189875035,-5.797203755951244,-8.501828035414505,12.512880745876226,-6.24686642586035,13.980479806026633,-4.360901342623805,normal
1.1383787466638817,14.988830111250763,-12.6582175370018,-7.645645500748872,-0.23673218828250092,-4.805748128767378,6.745252473539361,-3.069290946966608,-1.639266414504568,4.772069313556792,normal
5.104242945759725,10.017592709191426,-10.063362756423333,0.9018934726432947,-5.838072349573969,-5.860312744445095,-9.194987587594676,2.6487746950891733,1.931423432302614,-1.2629451586646014,normal
-8.664754773266024,0.7921127718516162,0.9222047920242125,12.606515068560846,6.263339952895445,15.134033614390916,1.2064945380791343,0.13745416668163915,-1.7459870189388043,2.015191839490355,normal
-3.64440193233329,-4.623829143043484,-3.024156676077027,0.2675624301186514,-4.548544897502704,15.198563232489397,2.10487252516938,0.05682730138156737,-1.6230288237930706,-0.2579571130353056,normal
5.92311148319465,-7.863227705603082,-1.286638675310595,0.745416797841723,0.17169824304103068,-0.848505253194859,2.3820448261265534,-0.06905932918223037,-0.9358863470011415,2.3039165923281053,normal
1.633010516899776,-3.280389312536592,13.873312637556761,-2.8931416287510263,-5.763140156463948,-4.482908554345841,0.9397282382087295,-0.8953861587867433,-2.77572922574553,-3.949885955749627,normal
13.571666107185877,-6.75553523497133,1.4043033985330382,2.436300458538025,-0.3581887091675702,-0.848203266366597,4.997184358469401,-4.901798203549963,-3.1443615663436937,2.853210564399234,abnormal
-2.6283270023481338,-3.450427229471592,-2.905863369758984,1.1257441112878417,-5.55659551830878,15.27681497521389,0.8284338793848376,0.10470525107448596,-0.7047238539555234,-0.1808530369935253,normal
-4.102621330949851,-8.485582171644669,-3.1524097153731048,-0.3339587560088015,-0.2736266690504677,-1.0942654442869595,2.203882141704973,-6.654671466218869,16.063186255767278,-1.1567104943193118,normal
-11.89227535828678,14.956709175098636,2.460227045269982,-9.943807017263964,-5.4753176874759655,-9.053597594271626,9.154406164634235,0.219072756329485,-0.5084812311628588,1.1656693733018728,normal
1.7492216631397655,-9.447638616760777,-1.2362950060448845,0.17662085040644868,0.03043153620613378,-1.0492254326258972,3.1286862687703416,-0.9207172113240559,-1.636317463635857,1.8711579914213874,normal
-6.942027239482739,1.476998130652247,17.329608219550686,8.9666049921936,4.778418955788479,-3.2837166682647987,-1.0138219289413801,-0.04731729363783068,-1.1155774044388331,-0.7289939645445854,abnormal
1.2513128573034031,-7.46481665415463,-2.439097104846657,-0.9989338603344292,0.2116246123482001,0.36547926209918336,-0.05634064729411522,-0.017662470138325635,-1.400259636303927,-0.9743484065161341,normal
4.690706323772348,8.94262543989909,13.102976216404322,-5.533280110644327,-8.864409662108745,13.861295247303868,-9.704988104951797,-0.9117931884761482,0.6200666581396251,3.974853985005375,normal
0.5066163733216336,-9.16418423496363,-2.268344398494046,0.04994115147229832,0.18300509812580898,-1.231620252662568,2.159814215715286,0.9229926462155379,-0.32406857948551343,-0.399069429007654,normal
-7.284445347630213,-2.6501761744142387,1.0718362124611391,10.100542016579826,10.495911928593268,-0.6318610191142099,-2.653818267228881,-0.8578509768586657,0.4306960679895607,0.05840258990544568,normal
-8.807309420388652,8.762701291621628,-6.358653679137554,15.91044789297975,2.4959906564573022,-7.378245072901428,1.1848817107235348,-2.617294843763271,-2.5853709033345926,-1.383445585148053,normal
0.033239824798425,-8.251657827552602,-2.0079711545234633,-0.9747272558938893,0.2634357859039628,-0.834267764324428,0.11848538257004729,1.338993974778872,-0.9061740658084584,-0.14852410023995138,normal
53.24973724453624,6.835653312432213,11.269835213342875,8.135587239966153,-0.7325668077670822,-0.5528434452519291,6.054364920589235,-13.018913896119054,-2.2404600043011493,3.3297562522722584,abnormal
2.8945481136334097,-5.468291577778887,-3.014988324304203,-1.45041000922172,1.492892011605009,-0.6870477397536714,-4.0516499067530045,0.7615922043127723,-0.15709091508119782,-2.3522459089664665,normal
2.9963719470669985,-4.544446020824661,-3.1027735566290944,-2.4459742741620576,0.8949608583547963,-0.24358051566286115,-5.578321817322358,0.37605459733694124,0.1896738576558782,0.009764716620376748,normal
-6.793339583273648,2.1899122591158413,-11.00423753020561,2.9853976462860934,-8.451650046205364,-7.432052880507488,1.0649135315601874,0.12399722141661745,-0.5652143788372654,1.5108531494796873,normal
-8.77875361968038,5.8698390097633455,0.23951011760671276,0.7558380744964736,19.72057527240734,0.10693530028769017,7.64068478434042,-2.0027838230532646,-1.824529032996185,1.435170704927491,normal
1.0316716138135147,-8.656841879738197,-2.0441459132063327,-0.2701608182628074,0.7349026919850942,-0.9312787063707598,0.34392549294283464,-2.8619268319298654,-2.1157265706857125,-0.0082952669072614,abnormal
2.917122620163726,1.9568838779982105,12.865045486190672,-5.2898069333715245,-4.890450486585116,-3.1730279216509394,-4.999433119260735,2.703515576078831,0.35109761855019134,-1.5853458230389719,normal
3.7478194888498404,-7.980117351840619,-1.7448210433980476,0.5660606974434119,-0.003789851754930243,-0.9292776126420887,2.2691204905475755,1.198937084047771,-0.9211787019700376,0.5238772401198705,normal
-9.899332474041765,3.207406891084107,16.040799974355195,7.526902057538067,4.5751198836167095,-2.6868301257499168,-2.6907373969395065,1.0059578493265862,-0.5234344324910606,0.7911495664742518,normal
-2.212125383672095,-1.1379674800692896,1.51460433269058,11.793857841378562,10.502953521795106,0.1019143169225662,-1.6928997225416422,0.6512067723758905,-0.5510557385857675,-2.139915987743745,normal
-1.7360446241032752,-9.129420725994057,-2.70473965278349,-0.20553924190802597,0.4003911251001165,-0.611723267550104,1.190828635574485,0.4276241447541859,-0.7929576692436336,1.7248703071169462,normal
-6.259279415692064,-10.848172741559123,-4.65344245923014,-2.0840763754130016,0.9100628434938178,-1.0289086504021472,-1.2699120445021228,4.383170670989023,-0.20182472646069813,-0.9743083266248891,abnormal
-9.325703208857044,12.740729133712648,14.361334240232678,-3.302277836819214,14.235799971152131,-2.3631122736779546,1.8002547300316223,-1.2344858713598956,-2.166594791260449,1.7999519028789779,normal
-12.388080059855202,2.225200312812278,15.02430923493895,6.880117741507736,4.918543877321862,-3.7057569235091816,-2.8598948104839867,-1.0355495576512155,-1.9476730785623741,2.0709935844680247,normal
2.4131034293494706,2.595702171467223,-2.6538255458466855,-0.5480820069938002,-3.713529497718745,16.95224015579607,-6.572228817227079,3.074719468045888,1.3209348536509162,-0.8732138389244483,normal
-4.4832619912244915,0.05601625923280604,-4.0619796411032985,-11.505880653480386,8.497822086840193,0.011893552116084725,7.858087843852412,-0.48156669308904315,-0.6742289975629518,-2.9856081761395035,normal
-9.835082135569937,0.5252767760039396,1.574805223914688,13.937935192742135,4.585236124178842,16.664877280447136,3.4745513175072924,-4.897984550014243,15.660815579174999,-0.8243478028712389,normal
-6.92369198577989,7.131476160104104,-0.44207404297168434,0.652809005767981,18.93642566583282,0.47628646119060064,6.266191570316318,-0.39558674891411394,-1.1175514524732293,-2.177073090106926,normal
-0.48618841935386653,-8.788984565799053,-3.238437199312928,-1.123854662535321,0.6324513240057603,-0.7906808060401522,-0.17127119040409458,2.7284231937973638,0.26424074094045874,1.814416249734843,normal
-5.333694403200977,2.186731244922614,-10.469651001937383,3.165275883654699,-7.637327976125499,-7.715425194223771,2.266238606081398,0.5672158162313523,-0.8397503079135984,-0.8379727566452189,normal
-2.659433012084324,-8.81629277600166,-2.204510626687509,-0.6982266935883631,0.011067913483160215,-0.721380238684936,0.5869744006593731,0.2872056916999797,-0.34032689303212194,-0.09419812223601584,normal
-4.538362825464169,-4.976260725835516,-2.9339781978210966,1.0377549951953715,-5.17533832224169,15.354785657093734,2.644759732839526,1.612283568471639,-0.617092679526853,-1.344782020129178,normal
-4.631203355150396,-4.6688941400382955,-2.0505496917758124,1.0195195956881102,-5.503419496971649,15.868289924946998,2.0408585319941195,1.8937255063742402,-1.211522965820727,-2.4584908011476365,normal
-6.691421389631488,-4.561315380417391,11.357314641555806,-4.248310637809571,-6.154138410669473,-2.569484423673227,-1.0515592029106322,-0.27500808580587066,-1.9331978887375398,-0.09899162691800037,normal
-6.4197354559282465,-10.759338922919138,-4.813396768076256,-2.3191172803571147,1.0090613841418177,-0.9263054836079081,-1.9781704545346395,2.9285501578390476,-0.7583785567486522,-1.7401334746420192,abnormal
3.7738692136905967,-7.42740006869455,-1.7716274870254871,0.1189579065598748,0.5992945084323436,-1.020099313329541,-0.07393248751408987,-3.4380070240252345,-3.075374087363769,-3.165689229875195,normal
-3.0872461955482193,-7.263184103351456,-2.997714802212062,-1.9406962957969174,1.341564403972209,-0.7497069952697444,-2.9609733516466585,0.2944673912106763,-0.25980982229528327,0.2702684309933744,normal
-2.648210631621423,-8.180542392978802,-2.506463599126002,-0.835997861711004,1.3416233730179736,-1.2969857963150404,-0.33991954898676685,-0.4090395969039893,-1.0686002967242845,0.6203902269083128,normal
0.22663315762683112,-7.629659782854545,-2.9360194312465273,-0.22526751048688826,1.1202508482038904,-1.0783803352396417,1.6133019357863683,-3.9131764796734503,0.2395207995075068,4.728555988194989,abnormal
-5.738969438265511,-0.8427044912819769,0.18687862058022314,10.419594546195425,11.18967638263549,-0.37917173762734846,-3.7106880092844463,0.23192910871571998,-0.523741068017207,1.309498587292998,normal
-4.125396299343499,6.820872103694173,5.748360429600177,2.0135789579342003,-14.469995176623433,-11.17127370148454,4.022659650171575,2.8245197613011013,-1.605385343984045,0.8663462327966096,normal
-9.575955237435366,12.0493584258955,4.886559809446085,0.9122962544906326,-18.0995041540856,5.457578636058636,-0.7838582572766358,0.07397151898551295,-1.6077048202696886,1.8619427977141665,normal
5.840103200282361,-4.787231804277123,-0.3174811435858525,-0.05778210645804481,1.0164111459156393,-0.9990160365065631,-2.3540594234905043,1.6732313993755281,-0.38860467998983245,-4.1216060520904225,normal
-4.528046550133528,8.618115366349837,-9.21521393824016,5.328887851359284,-13.140068344175145,9.526476088550256,0.551318786600305,1.2543090800947638,-0.8854238371746158,-0.13776631797325112,normal
-9.936293929174562,7.398418635526362,-6.654624854214421,15.246143981098506,2.6036033406596606,-6.981909310298934,-0.009657140664006364,-1.2469739508675528,-1.9240724193165732,0.555609172579349,normal
-1.6307972105886646,-2.3014261432136087,13.70784539594901,-3.05736011335528,-4.678292578320385,-3.4385980126731033,-2.4110542496623926,0.035608022890298435,-1.6739804999699992,-1.332628741029388,normal
-8.587664001814748,-0.48113498373008057,11.398366478354745,-2.281068393075101,-10.97642523056018,11.721049871036907,1.7767917608211197,-0.10422149528486853,-1.1862315219942845,1.0627556662906432,normal
-0.24026172906579324,-7.4748799721842,-2.1235405610268203,0.8935722293959633,1.0687939800975057,-1.134493811397771,1.2547354285329808,1.9318892479842624,0.9302205924270327,0.8897434825381388,normal
-1.3321168307733642,-2.8609378380027506,14.206717762783445,-3.0303879743448157,-5.045408435441,-3.8215817567079324,-1.204012318796142,-1.556369718612233,-2.397788980224114,-0.3120275478312991,normal
4.3239084977126545,8.974397698536041,12.633588766957272,-4.029317386169633,-8.710204567681581,13.462592984292945,-7.5327686843627415,1.585774725607219,0.6228932179714407,-1.083767016198823,normal
-2.2444420757282173,-8.164495257448872,-3.0038031338556803,-1.195470650157954,0.8502767448498252,-0.9822977655930107,-1.70419829641647,0.7311621624521194,-0.3589282146008286,-0.35381235996416444,abnormal
-3.8861905600767375,2.53279080119007,-8.474763437391477,5.036661426175543,-8.573872121167533,-7.553175847416307,4.857534824770927,2.3400904217620133,-1.1609063487463664,1.6001505702330938,normal
-3.859814615900705,8.37515558708971,10.04156682467442,-15.289750549604678,3.605198849230254,-1.8541614480660324,1.2686165434327727,1.8754462133589882,-0.2352779731961948,-0.4275869237865434,normal
10.782977938627827,0.18335942576417383,-3.0654967324345446,-3.9876597404683753,2.3351934344593754,0.5264340635449041,-11.270211921855735,0.3951251888252852,2.018566553355777,-0.23477004916912106,normal
-5.524117974886132,-10.564472621508294,-4.751723762565658,-2.2233703673498026,0.9524232153733289,-0.9311607426806197,-2.0118874071830937,1.9405621793379164,-0.9597436877998251,-1.101512688111669,abnormal
-0.275710112633441,-8.48449683845425,-3.3129925156339457,-0.96725410289561,-0.14057465672917263,0.5494245200276795,-0.09431573554206756,-1.0496955599659228,-1.3632990035330157,1.6558207157566045,normal
-11.54415896916652,0.8747114221355078,15.777465114957586,7.321566758554251,5.729676265728861,-2.9072416746089376,-2.089398328466412,-1.293316106921883,-1.2757354537469736,0.9298915736863981,normal
-3.270689511288887,-3.524167610749685,-3.0063299945108017,0.4954456671149445,-5.505417449033386,15.68763829125536,0.1836236745644677,1.6093829521419982,-0.28377014935116934,-0.1551293492128782,normal
-6.408301855556743,-3.2356418921407295,12.016667595419692,-5.103970987164476,-4.408196799958668,-3.8618161117811867,-1.895350176831404,0.1505756145943591,-1.5742815061182793,-0.07542695529128791,normal
-0.9613697055747041,-5.863453442214745,-3.2654156481796734,-1.3770917049937237,0.972438363799018,-1.0069803920041387,-2.261769032500578,1.618907827194519,-0.09774820452580932,-0.27526168017668473,normal
-6.2622863612206165,-0.8539875805359934,1.219692072521485,10.361375126774455,11.806714705438228,-0.40603169586190885,-2.6389409400824975,-0.4349161698449988,-1.2513218509315078,-0.042565827842981276,normal
1.6049820992022399,6.455499930699914,-9.916475973707183,3.127272279592547,-7.322650862003944,-5.951506257174497,-1.7210328171301805,-0.8312647803106508,-0.6544115418838801,2.4625259967825737,normal
-7.045172003544514,6.308776328598104,-10.299490539651845,5.624594247058908,-12.671146265384575,9.299264137482526,2.701418467740055,0.4404414067009086,-1.3278284230090414,-0.29646048298095345,normal
-0.423695466254352,-5.532836594962508,-3.6636060821455425,-2.0571957378011962,1.8800903457932505,-0.4313391017659535,-3.7400977126606514,2.0431761388961243,0.1849606902591935,-1.1920168169753234,normal
16.16920128308429,-7.35383008079611,1.5151881935288276,3.0251099135167614,-0.8138789639481175,-1.5599796182124555,7.1734427282572435,-4.266009792650269,-2.924560376893992,4.511345512481568,normal
4.583105158760469,12.453999152220877,11.920717149956554,-15.79795100014881,4.078918704776975,-1.9241257444628554,-3.8546102812809737,2.5654484804379796,1.6747187999283788,-0.15354295635114662,normal
29.659517339765543,11.619347535798322,1.0073612256808808,-3.2218858608083516,2.7317149352193444,2.6193314349307637,-19.49784356172007,2.0365914288979328,6.510425198000721,-0.4481777588657097,abnormal
-5.295007541989872,-10.516022425390231,-4.637877411771299,-2.2224879622725386,0.9687412132802726,-0.9206065999713215,-2.006845028381518,1.8557380944668602,-1.1374693988941764,-1.5952424738901825,abnormal
1.5931003007403384,-8.30919066469487,-2.6002994840335525,-0.8121109162987742,0.7260288668460758,-0.8419784644210683,-0.24593012946392476,1.660982615989708,0.0865504487722442,0.4901825980495498,abnormal
-7.54220676906854,-0.5507633874625925,-6.244236496202574,-14.120062066942637,10.585162027728659,-0.02949173398565429,8.494647060217384,2.3173696824996806,-1.6903310283345439,-2.4383324886302113,abnormal
3.1817677131907756,-6.779133895199123,-1.2371004329127357,-0.6618032439044463,-0.04014158416895141,-0.16598303908603207,0.3867499627993951,1.1675861654021742,-0.6267652641660841,-1.3212741931036052,normal
-8.084498231702545,2.0998162513012226,0.8979947880764806,12.844376027483568,4.846891400776034,16.22917522268705,-1.735091366281524,0.7775666218729899,-1.3575967798636808,0.6184571030705706,normal
-3.468659525165078,3.1616358115278964,-9.921580862864914,3.1004676693117452,-7.167597395952615,-7.508485171278672,0.7538996235407915,0.3643625995007565,-0.8499672924748893,0.378461203627114,normal
-4.476978756168318,19.051148423426625,8.702187628778576,9.591783048225357,-1.5659981311009272,-8.716750152612176,-9.85697996408993,0.1135741826174147,-0.24229105911813945,-0.08195207200103925,normal
106.96056987733574,5.860224096093532,32.405185222736684,26.118767543719688,-8.0779554575348,-4.065365955658593,46.24648548312984,-41.94053049137748,-20.94379328437258,-3.0470863504810715,abnormal
-5.987677540647741,6.248573171520916,0.2445012857302328,0.8957133828807307,18.743271752664967,0.6321291628064092,4.47791871843371,-0.9058288065897991,-2.2246387181609117,-0.5676908983157215,normal
3.107701824371635,6.086996697551594,-3.995713780509151,-11.655861729128006,10.062747448991017,1.7177971938834167,0.1427328118977174,1.3294625818674604,0.6886914905552999,-1.055174075020306,normal
1.433332630508619,5.973582228460679,-10.641824953314439,2.3542005156675128,-7.277753843528228,-6.894270034517359,-3.7223951453001103,-0.332197542970568,-0.5648836874324671,-1.3928433934310915,normal
10.372519896454302,6.368585307441433,-4.210135107264663,-12.36643801238879,8.567819723251175,2.342402841510271,1.2411833234310046,-5.749606876205072,-1.303347193136016,5.071122111873477,normal
-5.730394597825364,-1.111771561469182,11.461639593490014,-6.113452812283202,-3.6821073645873854,-3.5397894768058773,-5.523910100108841,0.9441166051579839,-0.24140775865429773,0.1728811083964899,normal
-2.3683253407663662,-3.815842475277185,12.175008017728807,-2.6717104773776694,-5.436108839603714,-4.45082651670524,1.4880392984962052,6.288062522470025,1.096625457504765,3.856606163002865,normal
-3.4837641542523485,21.05114619767558,-7.562749961057267,4.295351944344372,11.629933834071409,-5.493513566886124,3.7451605312753973,-0.19890538135895777,-1.4620512752612924,-2.0553400541322566,normal
-5.219354959747653,-10.348336821231932,-4.598878025242235,-2.2403799129074145,0.9941163732260218,-0.9068073893589048,-2.106557604266237,2.584080815408089,-0.7584656520510648,-1.41289364126201,abnormal
-9.822284625287969,1.6955408858496448,15.942050820361203,8.91066697645992,5.630707748251764,-3.101020081527134,-1.992450793284324,-0.7724291084742058,-2.3389072453385698,0.9894989783966879,normal
-0.9244081676419453,-5.066094845500294,-2.0848929039787905,1.8294728910558713,-5.5393375308315225,15.702218373251684,3.181040516631262,-1.1936815385973027,-2.1523875224432634,0.4782929852045454,normal
-12.418668923888502,9.606283302278227,15.11099273411631,-0.25226654479862054,11.860430194432292,-2.137569400420641,12.021422692372555,-6.0746985960517605,14.505634518157425,-3.629020289384249,normal
1.4199126977266394,-8.093598747990871,-1.3955890320062345,0.33296576500653,-0.8947384792254467,-1.42041587466407,3.7816138001412485,2.2843996517673104,0.8166912436208745,5.040313568316465,normal
-6.933003210053434,5.680394892527691,-10.131254728100593,5.092468206144026,-13.64025169530123,8.90751513334049,5.0145763734208995,-0.530907021309131,-2.663901871581933,0.5381726988343263,normal
6.470936522760002,-2.6144126250764814,-2.520031220044652,-1.9771441509935432,2.160973436270591,0.761680491851667,-6.717463497050804,3.2956407726337074,2.044856323550377,0.8828244022486592,normal
-1.9846322371130558,-8.450520246036316,-2.74000609797669,-0.9672110298682457,0.3193885366824557,-1.019738155394349,-0.34096650268252543,2.200002631166018,0.33145943447637677,0.3632897499369906,normal
8.000766846087746,5.14821542380036,2.4138359140113534,9.997706979556462,12.079784653904657,0.7986823979979792,-10.897014317232381,1.09309431414608,1.0446147188296144,-4.314106567495538,normal
13.799928670237417,-8.321019292783665,2.657032930897921,3.8861018322346483,-1.2793562057453147,-2.328137140830713,11.053303043706263,2.771446773925575,-0.991797951752747,1.7906984018339707,abnormal
4.837808579106213,9.595325877519501,-8.727602943784266,1.3657297268222943,-6.962984288813885,-6.599716715332022,-7.692643531917299,0.3403402506973769,0.5879243921121518,-1.6220507673809483,normal
-0.6270684996275645,-7.523530414660912,-2.60854428145396,-0.027349756571449096,1.0706298693790584,-1.1378617499434944,0.0869933804090219,1.1023016635815424,-0.9639831485606047,-0.6178417016467705,normal
1.3934462132899113,-9.000161085487552,-1.3219232768585436,-0.15814704447497982,-0.24337546940513183,-0.7983537098847272,2.2935087667033804,-2.425270909546758,-2.7698077328407464,-2.262166601873868,normal
7.387062141737829,-8.430231179190187,-1.3198131851770696,0.1433200277121296,0.37814734838990577,-0.8082759433495299,3.512192498649623,-9.967768185020148,-4.38087255216061,6.944390802365103,abnormal
-5.910196158289507,6.7026332940401625,10.488484201012204,-14.876766175157758,3.8250240232307577,-2.602199957069779,2.9899179273380834,0.4760384876981077,-0.8255773878978688,-0.3013649113593856,normal
-2.8517180233244788,7.336521780025668,-9.654694893210081,4.743220123905354,-12.31368361914209,8.81245621694425,0.7046464608399962,-0.09127680712216273,-1.1884501610446911,1.3905557732790352,normal
44.28288657814523,2.956267899472651,9.922802637941546,8.262899109215716,-3.2811363648722143,-1.7219945252156197,8.731379689010785,-4.166283177143529,-1.9565931678463704,-11.173569874508505,abnormal
-5.66145430692968,-3.5473659824398562,11.240552362095187,-3.7222003678909146,-6.2387137665645325,-3.7941598310174363,-0.9101335928471759,0.9354030478851247,-0.9252273912837962,1.2086876039359644,normal
9.847527936927861,-3.5910004052365916,0.11230632601023634,1.019616426684449,0.5875185820370511,-1.0951273303238465,1.3085128007888285,4.6321517213094365,0.8344569037075322,-1.257571381411342,normal
-3.7499044160198496,1.947378084582201,-9.7021802315181,3.340097182587382,-7.797508365970129,-6.682553016990487,1.0523204320608959,-0.1676400755425363,-1.330630256087254,0.05204394462719678,normal
2.154594566116408,-8.22132261721614,-1.2457547773887567,0.9944422083456884,-0.4432886303205615,-1.2234314055159823,3.660365071330592,5.868591358254098,1.0830448163040587,2.052878165189935,normal
1.8468247464732521,-10.07341696339617,-2.1799741684854697,0.5015982616398905,-0.1330994082709504,-1.353304536214114,3.5076553996399973,-0.3492756292781089,-1.6896128331345466,2.179065065156797,normal
13.10142600598315,0.5576427147535437,-0.0352384544790782,-2.84336496363656,1.6060351450691333,0.2616321161774743,-7.464405157821919,3.552567335669751,2.6774304646590332,1.8388828198979161,normal
-13.026816778276958,19.223320332199656,3.5856098332540314,-7.811787214983864,-10.75840619683452,6.704747995977253,11.690623908078967,-0.3260166163856016,-2.3716935934407184,0.6503830740883636,normal
-3.103422704707855,12.115484307534244,-10.220320423676727,-7.074406244117794,0.16749276175165126,-6.095403776144713,6.451854756013636,-0.3035161128037282,-1.2684285095389827,-0.7990924152027803,normal
0.23408041426930554,-8.63710484420155,-1.76999642919676,0.35175413471654593,-0.011603292160118826,-1.376718287044128,1.6549693146862967,0.8088105012049512,-0.9786704564810145,0.6055718942007929,normal
-5.618866870274817,-10.87967899713088,-4.451095303705779,-1.948879326483599,0.902203193921766,-1.0016449705817967,-1.1825763687786368,1.9303743762205574,-1.2802193567115834,-2.044891197653066,abnormal
0.6966484190354456,-7.471557195674586,-1.936593441597822,0.2099746972814456,-1.1247170292697355,-0.3552433816842661,2.8661462594337497,-4.8833158726835215,-2.3279688090535444,4.263550556792039,abnormal
-6.33617368095597,1.492339457924077,16.168900583389917,8.510117932629562,4.888237841708314,-2.0654405588229015,-1.8168687911616506,1.3993509423671042,-1.1850562417462023,1.4081097582453903,normal
-1.6497583221708385,2.2185872988635524,-4.392882719616997,-10.233172100272963,8.70557925329232,0.30171572699158034,8.580411403448757,-2.5817866725074077,-0.7053995029252957,2.6552813443736594,normal
1.1746728278042393,28.16983263823388,4.281913798228567,-9.887460005081214,-9.730522165990399,8.373662874778256,-0.9551700984931522,2.22453795746879,0.8663588279986171,0.19550052617099123,normal
0.051554277636516196,-7.131262378758037,-4.102951630703066,-2.329092459973414,1.08355733308268,-0.1933708022445613,-1.8894329272101023,-0.9121808579558207,-0.7009539082634934,2.60113983523574,normal
-5.751213102345057,1.9504135808753273,-10.448402538393347,3.450827418812946,-6.834399960617621,-6.341673758667857,1.2872317182989317,0.5475355719328279,-0.6309698146746083,1.0479366188926282,normal
0.20620539016647968,-3.621725230317383,-0.7074458014526576,1.3476117952383535,-6.18313967212899,15.66371269273516,1.9646839656149,0.8650985758388363,-1.6742199026044993,-1.5986661254361547,normal
2.550378639017639,-6.838796952334501,-1.9189679867675622,0.08157520240857202,0.08960767851126888,-0.5043292261467928,0.638280877146579,-2.1203393954670147,-1.1109251112447815,2.863973759661703,abnormal
-9.95892558851484,7.2350395998212065,4.737791587297916,1.049414745954743,-14.058594926071498,-9.439031235957236,0.8379806451314226,0.03453633777579854,-2.2188241158609383,-0.4752270595881576,normal
-7.377681052290759,-3.99847562129566,11.77086194423225,-4.191184500626243,-5.816746844630946,-4.157545343190035,0.39865731327479803,1.356944422896672,-0.8899413601875656,1.281526924716235,normal
6.495685096972988,-0.8623285862071784,-2.4636597486172858,-1.045005714293317,1.5179868031975285,0.6726449538241037,-6.757222452400667,3.7712604683883586,2.085732930089029,-0.9321601080956982,normal
8.632049425011594,0.744734593344371,-0.2450198150806644,2.200648120707573,-4.188226816685495,16.02969378557245,1.2327802458268113,-1.2279015857998943,-1.4004725442357941,1.8676422477666077,normal
5.924447351083387,6.873973249957945,-2.7764975640472236,-11.010600548904465,9.189112919405456,0.6530938026930725,0.39059272280611074,2.627317772820719,1.3947570301107735,-0.19327740573958713,normal
-5.5193807815739895,-10.42581580801171,-4.712768813717662,-2.282339377254438,1.0417215527613675,-0.9025225461298335,-2.160038881956309,2.6099052966795537,-0.6808581264024384,-1.0650673856230404,abnormal
1.2281206076723827,7.430517861663666,-9.025840677446338,1.5033406000707215,-6.676537108143812,-6.888211967518097,-4.645431474184445,0.010833892377469033,-0.1498140701459557,-0.27682186968882977,normal
-5.934453667187344,-10.695885523711521,-4.632451633125139,-2.1402560085870146,0.9633816074376401,-0.987908866334702,-1.5789447128306542,3.575399128194453,-0.4842962922563574,-1.3518647177994711,abnormal
-7.380502032108516,-10.886071597624806,-4.227696044837475,-1.579076873183098,0.5604302125272586,-0.8542731173017192,0.45439188428673216,-5.023683509463144,18.497574693248666,-3.958539686260373,abnormal
-3.743997542747548,-4.54434750413858,-2.976269888818495,1.5099358343560552,-5.098897762088717,15.29717284025311,2.5377898009855815,1.4931252218134075,-0.4071947029187274,0.001065416550816613,normal
-9.864771465791657,-4.524527519341403,0.30414114759503114,12.527619352872549,13.1485646239267,-0.2378411890367253,-1.9471220637846287,1.457467130730972,-1.6082090054065583,1.816666938013668,abnormal
2.3566430485005454,-9.569040989410283,-1.388243333241683,1.4082330301729964,-0.22170523340339207,-1.5053299425011557,4.666125220419595,0.17423872585253222,-1.757543320040072,1.6943149051094946,abnormal
4.0206255196752165,-4.850387074694171,-3.421071882881704,-2.677588630302229,1.3987613956166025,-0.31267626113273655,-4.098273511477909,-2.059318053066001,-0.9751896049104798,0.44423751491565755,normal
-4.82177072603898,11.997752131939217,5.2282445034602,3.8955746056919787,-19.58409074560622,6.095725263742353,2.2674180811873645,0.9578128635959727,-2.681837877751289,-4.315414251340375,normal
-10.14402158457692,6.830589567540892,3.1571200456975457,-0.47761731944638885,-12.30698788936224,-9.838435202916422,-1.1753527157691237,-0.1754820742320042,-0.8342009471421239,0.051642193858896596,normal
3.0966358819583353,-8.013410110840084,-1.4732001244035615,0.883532336512397,-0.1796426228969719,-1.515333919521936,2.8295028754037146,3.9970502083265806,0.6515252013346855,1.6192102914723772,normal
0.46527854414818687,-7.1491321577140265,-1.366288582467334,-1.7904086998759132,0.8062500493809611,-1.2022220771516288,0.15733612999684146,-2.345678359765576,-2.188244968168575,0.6724301302840645,normal
-0.2245309984314113,-9.719115486052074,-1.8373982444129893,0.10272292162419773,0.16175430607066796,-1.256003280735495,2.6629430177205213,4.259455465067767,0.04882164478399513,-0.8926958956162416,normal
8.3034254681852,-5.666273690098925,-0.8665082840132615,1.1180291021350603,0.8435171908158847,-1.0095106332536035,-0.2128841663327132,0.10534286091719469,-0.7665346491529353,-0.7287673714461306,normal
11.439950646944153,10.70762728726768,-9.466260182083518,2.3031258704932442,-7.014554611437108,-6.341607482688454,-5.803889346182371,0.4370246073905196,1.0853401116527956,0.2894146479708844,normal
-2.1063397625700184,-2.0065087117663043,1.8466449095590407,10.949667905210603,11.697357860439336,-0.34720362662254106,-1.3118276052916948,0.9731889773811467,-0.8435411817269646,0.2922186459370568,normal
-6.13000360668542,-0.17765715018591588,-5.945750735442306,-13.823097941502953,10.52440959873256,-0.060126545206770625,8.789075740306048,2.5049213971419726,-1.4119737018711467,-1.6570768840669523,abnormal
-14.04407176265174,14.668702337888435,14.061406105306377,-0.9647684454969138,7.376446299543769,14.444201114348202,6.6503950800901395,1.0908052092945906,-2.5697546489150906,0.5927568613676063,normal
-8.616529670599235,11.162704278611503,14.829869794137911,-2.966555620071557,13.703702520295584,-2.1620662039789,1.9017632767076416,-2.2944980478781356,-2.805041310676283,0.2807621561625072,normal
20.14373092973978,5.928605463591777,-0.08864925247580652,-2.1715925235226328,1.9608544590942936,1.860105879669971,-12.601300672323609,0.4870339853280017,4.285944388595224,1.4802915600806814,abnormal
3.8160304665423177,-7.066902205814691,-1.5980988474317568,0.3948606790562799,0.06400913108247112,-1.0629525639335213,0.4610868586583928,-0.6965501002341125,-1.9023015968959214,-2.360660665517844,normal
4.114785073778803,12.599670277223918,-7.915563696677675,4.237698130815954,-12.772884848917963,10.098803833842448,-1.8670461748876293,2.877909610530822,0.5929742344890112,0.8307200491438125,normal
11.777970723717564,-5.351855425549459,0.26750232486906067,1.106815883222266,-0.1976081431396258,-0.35420056189773713,0.7494338912828726,-3.4715762978130615,-2.6553598905114253,-1.7302501322315846,normal
1.8223748940911113,6.887562559811874,13.096376089635006,-4.2363414710867175,-9.845990954876987,13.953753217401868,-7.565546834459317,2.572454561029518,0.6892995982681057,-0.7241286479307115,normal
-0.5345947688460788,-7.989502365516892,-1.0818167017610973,0.23902881711173896,0.5029143963637437,-1.0193605946459041,0.5521402832722412,2.255238174169172,-0.11064740146047937,1.240601543686834,normal
-5.491448327790314,-1.8911392935769418,11.230994671200351,-5.940380748916033,-4.877469952922257,-4.243222555960162,-3.605734901235505,-0.18680289200785039,-1.0115004569767003,0.4363808587973601,normal
-0.6127340440710697,3.984832593453644,17.998610102570066,9.96484186773852,5.895814094384971,-3.4323981991478414,-2.025645011798081,-1.0685012764537614,-2.4442842161022456,-8.739836915296047,normal
2.1265609301420363,-6.324649693251336,-1.4685679547825283,-1.315954451612438,0.4165183763027244,-0.13765915302844095,-2.2911849683798904,1.02457417766899,-0.054197564442867156,0.37721506873782307,normal
1.9347545363235814,-8.524711738756608,-2.81643426287849,-0.4925278482326837,0.028798193536852736,-0.27497212906330426,0.7389040041638739,-2.197613132118278,-0.8964042426742416,6.827997628809662,normal
-2.3908164453628684,-8.963080396952687,-3.459444299332718,-1.9257998072930556,1.2742730170594352,-1.1318862731160388,1.2678619610163029,-0.1371534866899857,-1.389328181015719,0.9884297429426212,normal
-8.290745608262025,-3.4979521440626757,1.6191148801501678,11.871433483721852,10.265457394442437,0.28555672066525967,1.0906304846332768,-5.833967939993897,16.406658240864555,1.4366043000604856,normal
-2.442986068667211,1.7399938466117464,-4.655987905808927,-11.622231227716627,8.985709512497708,0.9055788504821674,5.921746368024561,-1.5204358851863768,-1.2536525605408917,2.601904107509966,normal
-0.570475640695023,-8.799155450983973,-3.544307756511512,-1.497131588149592,0.6792864326008816,-0.7770746002948349,-1.406169995410523,-1.4145336851336474,-1.5240233298382178,0.46720914441119854,normal
-1.3810904292339676,-8.126696001069663,-2.528196950591387,-0.5627931121682972,1.5816662356975657,-0.3607236044804697,1.561286354920067,-0.9382240968759121,0.01380644945125095,1.5073570932894447,normal
1.6325387618370406,-7.652879727214985,-2.014517208041284,0.07897628186708071,-0.14585030996702886,0.12101854117971914,1.0798240029086617,-1.8181667243650665,-1.3753182965117325,1.8898957711902002,abnormal
-4.252173850151281,-4.940195518476638,12.96175416612732,-2.5117681025659713,-6.164842211027388,-4.463682961199709,2.412006386766626,2.4348225214643198,-1.1135088011630117,0.5494978965133623,normal
2.621440715628867,5.066170184291484,-5.0948008919860035,-12.198103954577606,8.34621378584639,1.782302787217776,3.28910612704601,-0.12080469935331015,-0.3077606393771171,0.12957690828964225,normal
-4.751346013433352,-3.563253475780131,1.9342191415411882,11.96716791717155,9.870646439710704,-0.5415540011280177,2.158972648462852,1.5176452116580572,0.5336963495482515,3.7243692019989934,normal
-1.1091570800148949,-7.420994759601212,-3.2800718509180817,-0.7540403552936797,0.1300571701399327,-1.6473201746598694,1.1452470515600008,1.801969268359147,-0.6003068024963353,1.4010017737826506,normal
-4.562711589953302,-1.0841360912013718,11.572497381928688,-5.5299464322320535,-3.9937935079882005,-3.3806693215953527,-3.9744856713270944,0.7075916320735516,-0.9231667702404689,-0.15359648158409295,normal
4.587503465983658,-3.2611629834956846,-1.49650311277585,-1.377862749655882,1.2589643949972038,-0.5516427318085757,-5.39923263511999,3.9245221642945154,1.3758727536828246,-2.6755359449138654,normal
1.3318142866578782,-0.3123529079574439,12.24266043640191,-3.2305257286366538,-4.943792782329062,-4.152075928353619,-2.8809488852937433,0.3438864663407278,-1.5603618071298855,-5.565071262194926,normal
1.1745115543382754,6.191222688517209,-9.703961296536201,3.547386615676373,-7.530606048938494,-6.714278646717771,-2.153981367016424,2.2538943475525595,0.11531793501946136,-0.47085215727340046,normal
2.570974146208243,-8.400340702981584,-2.106216362150553,-0.07858362497791026,0.21053514866927295,-0.784394165878892,0.9452076595536935,-3.297467968590225,-2.5968642246456115,-2.1546380362979467,normal
0.10640659785867951,2.089266965625019,-4.854953707093743,-12.225677391514857,9.287991659051617,0.056978334084537535,4.8857324325237705,-0.4676168243031662,-1.205260273116257,-1.0415106785419352,normal
-16.965287747663695,15.26394626072181,8.17301582754437,14.185859501286142,-8.548125692764247,6.6149425517460045,0.8724059818051709,-0.7959500531620625,-3.7883698064396385,1.0599039509747552,abnormal
-5.498757876507998,-10.976428898103595,-4.453574734463759,-1.760819807428331,0.7714941622601704,-1.1216747464332173,-0.6077969655961214,3.519081358585474,-0.5427122621844491,-0.6536627380332067,abnormal
-5.929759189999509,1.5593074691534612,-8.744154116827119,5.2186592447897295,-8.124344816647131,-7.293192187106916,5.445112798152705,-7.148269530744113,14.886068706640541,-1.5554172068775738,normal
1.8696615510188694,-6.886591150252289,-2.677202554262832,-1.6245996931202262,0.1986402541081252,-0.5602258251267042,-2.6226949408655575,-0.9678488892586079,-0.8243523749400297,0.8487617682200161,normal
-5.484000764464688,7.066509556335349,10.094787846133423,-14.80939544278168,3.7489013485786176,-2.3802349001729692,4.055755899572304,0.7047632952578126,-0.9212679351317513,0.3632832527507942,normal
-1.879389079159377,-7.317762586137945,-2.525721410341786,-1.112209655949695,0.6180069167200092,-0.5204385614918836,0.37767333884037524,-0.2139539725462347,0.16948510040625814,-0.20095637967115448,normal
9.981473553591686,-5.976184917651914,0.5179430541586247,1.150646578168706,-0.4245977006684569,-0.5898572719090577,2.20722921770545,0.6382007498429336,-0.8280103081640741,-0.2045953503795846,abnormal
-2.6798753098030734,-8.814242108260665,-3.8921754078671538,-1.3238889875055426,0.06759413757855588,0.27016427850376895,-0.605727630549387,-0.47997394231036233,-0.7870716314142333,0.2196525799601459,normal
8.03667968981626,-2.8812447962702983,-2.8711252974552584,-2.70299557551826,1.4942354284384405,-0.34581033514256077,-5.760475930488091,-1.3360390962373092,-0.06388839710872789,0.2757536048606518,normal
-5.397087039575501,-10.365043958103934,-4.61700524676531,-2.2185150581244577,0.9934568801874835,-0.9305001249107401,-1.808198192353785,4.014682947622646,-0.13905977490170002,-0.4387575016589835,abnormal
-1.0945003750715012,-9.534485496378815,-1.3497750466724432,0.7644184105247107,0.5712014197538691,-1.2398198336766568,3.0785240362603346,2.4037741168936346,-0.6262142206748735,1.0519506422183709,normal
-8.947419267015471,18.447608152086115,-7.161377114957549,4.70442470471554,11.038591571323671,-5.585556286363052,5.3864585181455995,-1.0446840554244559,-1.9723318613994192,0.24594401829753837,normal
-8.533786615372192,12.693307968736942,14.378734333272613,-2.948111262727714,12.99158803973335,-0.8853403375997666,0.9504042142042358,0.4698537913278524,-1.4228700341863805,0.6812320318206888,normal
10.021331989591504,9.290506542807252,-4.373089850015061,-13.644418355568675,10.154200492263408,1.9645565239144762,-3.628106605773582,0.45975101275247043,1.738774901410896,-0.5632716441365373,normal
5.150591956569092,5.464553370259285,-4.387140096107321,-12.340161355595805,8.763562281763054,1.041998655920087,2.4177755138529298,-0.05837850931895145,-0.16668546527059208,-0.3303099689598584,normal
5.5966823058103055,-3.9967431694447457,-2.692141287940191,-1.503507719003982,1.0356861590734574,-0.2607542421020498,-4.734761195375522,0.6482488846245272,0.3033623942457176,-0.7417027924616649,normal
-12.390315036315583,5.934755516741123,15.03489369332139,8.771008807499472,-0.8029592893623166,12.431894979933718,-0.9595902324137576,-0.2979504623477255,-1.7906012120748913,3.30535133227956,normal
-4.518214988969486,7.267822190434766,-0.2922577561348093,0.6195740353305869,19.234469641803777,1.4332443988657844,3.0732410376509405,-0.5699670722999453,-1.7215393597566366,-0.983575567664487,normal
-12.195223452152314,12.291293822298838,9.259731244370176,12.249162525594668,-3.521591911291366,-9.376065178760706,-1.2611128500832725,-0.43146480206106397,-1.5051077767258967,1.408745374868408,normal
6.050239562279765,16.04055786811183,-9.14904922426835,3.1671200646685653,-11.25711137516129,10.619987583213089,-8.093214290514572,2.3264838186227,1.446754715672798,-1.9647427146191676,normal
-1.019457423889264,-8.191978322353544,-2.2808100859418907,-1.1277458206294493,0.2703516008032817,-0.7852404663871428,0.12701626552033018,0.6441662811882858,-0.21845640128865595,-1.328365179798484,normal
2.5171189428293594,-7.418200289466062,-2.1412629747101746,-0.141716006231594,0.4152812517432008,-1.07429468610805,1.1925658200507427,0.9148342036125892,-0.32318010206743736,1.843097147133947,abnormal
0.5606106568834551,-6.684932356004534,-1.8262453072688272,-1.1693072251207226,0.024735075926143105,-0.9361843555973444,-1.5503929475194638,1.5195270357514021,0.24228915111509153,-0.5961543735175621,normal
2.8138346233507345,25.82533466683692,-6.6145569951082495,4.330730859762814,11.73212873531389,-3.429737580415518,-2.674538787721164,1.9283044882551554,1.1030089215593617,-0.7358918581451236,normal
29.956541247818645,4.635154457993338,4.496855029092832,2.3180423369602297,0.8782646759673568,-0.6077058056578463,-1.9426977362292723,9.514576770707002,6.472580355286254,4.5068777507219755,abnormal
-7.250807775372327,6.146644758905318,-10.221419992369603,5.405135386905488,-12.790214319659778,8.607042725689446,5.380158700496233,1.9559380212223698,-0.7784702350885113,0.3299349152047507,normal
56.801624348903616,6.7356825682049575,15.859118184668095,13.158648428140026,-3.321639642353878,-2.533153730493826,15.41929794186235,17.333008257834948,6.393567481812637,-11.962300272914836,abnormal
-0.9392723181485269,1.951440954325328,-8.46584353806152,4.666132926450412,-8.00974572392344,-7.083902982154682,3.3283311539278806,0.5718130393821806,-2.1585273506394427,-4.4293880226653854,normal
3.7868904340606235,-6.7333872003155735,-0.1727841229255651,-0.01456618073882445,0.23343418510955058,-1.0819798064432014,1.0688114332514396,-0.4362058188668361,-0.9880996865789758,1.347248063794814,abnormal
-5.29816844963469,-10.69795784659444,-4.489705869919589,-1.9719649840534534,0.8819810039975394,-1.0167958558890764,-1.038057456270488,3.2800466586586703,-0.5211168065712136,-0.04740401289797414,abnormal
15.236456591612848,2.5568688039337952,-0.6242944293427839,-1.6092265224453082,1.5274132183579883,1.1725468924501445,-8.825756785377946,0.7509622535162769,3.1773750655971544,0.7846756013639534,abnormal
-1.0948810464326744,2.8083885682658107,17.88599377450722,11.08654190541789,4.116810016816852,-3.3440289821356997,0.9374165130995271,0.436529694468424,-2.793197288619279,-4.455180917319916,normal
-7.881437197246076,17.395690061650054,3.5131892244567373,-10.966406354447368,-4.826687586298871,-8.868353101805242,5.7774850898441406,-0.5552940651509878,-1.7170892296850815,1.2228419699701343,normal
-5.59481327136944,-10.357462889049561,-4.695860479034851,-2.298976418864611,1.0394484759506437,-0.9108924140690248,-2.296709059880585,2.9719916701113127,-0.64063908549725,-1.980897297957679,abnormal
-1.1981053635129701,-8.982104203533032,-2.3951647760955836,0.31068187780707945,1.0803342123935087,-0.962264463768687,1.839402449043112,1.242628926265875,-0.697517382974985,0.0619758659252534,normal
-8.49003593359855,5.335926177480738,0.05426817247923705,0.7155123711127351,19.54083233086812,0.5148397515227631,6.637328757577371,-2.9475608865942537,-1.719808938125809,-0.4721093713052717,normal
-2.9383003762297433,-0.2801257421307141,10.260535619166864,-5.868151609416764,-4.220105223176715,-3.153940992036695,-6.446474329101428,1.478437134309169,0.11131300679727657,0.6971885513382269,normal
-1.9308478883543208,-4.988897791628775,-1.4579287416905566,1.8029702289610203,-5.529669185264541,15.262306175537288,2.9432909462273855,1.3085889246154943,-1.7829593631239204,-2.426714677922014,normal
-1.6748539493720012,-8.407366222951792,-1.9095024092792101,-0.44277002469375426,0.22551579176062003,-0.6211344952625114,-0.16248790595667628,0.3962351069766012,0.2320491461933855,-0.8145045660003021,normal
1.6310424114601283,3.07582519594514,-5.248720983274514,-12.291488378859528,8.924735058413702,0.7634977216976458,2.036672817347529,0.0074189065444044385,-0.2370944429817933,-0.01697829294446634,normal
-1.467969648349939,-8.976452387358215,-2.477090018530605,-0.0909203123514975,0.6558205892336392,-0.5142289244280981,2.3078630439948498,0.5088949886938512,0.5457108161616248,1.6682672047564884,normal
-2.4038048676940784,-6.984484778726821,-2.5531018889761032,-0.6033454715899188,-0.02457948524560042,-0.6363477256763546,-0.373410064345646,0.526655829103749,0.07022273234152848,-0.5662310807526406,normal
9.009459995439736,-0.48446386077355996,-3.012993643410992,-3.349278325539714,1.8216152034760824,0.26388213879566075,-9.440721919606792,0.7165780912870412,1.6777452181222121,-0.03493393473700175,normal
-1.474376961066473,-8.180533809508256,-2.797753229657842,-1.0596791084463415,0.809076049939349,-0.270214712156184,-1.0824566613990072,-0.4591385933217353,-0.7256176684759927,0.551773256036275,normal
38.31864752864668,1.146222796202155,8.631187989739493,7.37211897179149,-2.7941148169675083,-1.4994227142405898,8.836344170556243,-2.579441019065223,-1.3124329353600899,-4.821351283459545,abnormal
-2.16947156162969,-8.763115668865936,-2.5226349507871877,0.8218775375280616,0.7305943192544238,-1.133949003741703,2.5055140843826518,1.9985936382066476,0.9927692642414853,1.501476464553619,normal
-8.949216873764518,8.730377208576964,-6.4407449928664295,14.891955894587037,1.938138274410715,-6.441092279881692,-0.14921503600648373,1.8785267376873465,-1.2411251017695861,1.1022440320476152,normal
3.2946332423484592,-8.369148320655656,-0.009880403894947546,0.08021850676776943,-0.6916797345732815,-1.44227175720126,2.550608648080823,0.5331416795727822,-1.540743668066646,0.1538256350273675,normal
-4.500192432866951,-5.101017858750362,12.857678459198429,-2.728245234379155,-5.246390877956331,-4.278101907497051,1.1196721107550303,1.2997887574509124,-1.8042740087282902,-0.4037156065378263,normal
0.8949442963724749,-9.743044859758225,-0.6306332971484576,1.5411496702013905,-0.45868419125030435,-0.6283263037692737,8.458057105590544,-13.187829882882726,11.886549426462153,-2.6386954999918895,normal
1.1711019935403923,-5.556199962430122,-3.4300756084729254,-2.222047844961274,0.8695557339251603,-0.32986407778691157,-1.9082323987536793,0.9625126688797194,-0.29669030262823703,1.2023726636599166,normal
-0.9362818593194225,-8.863055600744385,-3.387687083899138,-1.3259619213925053,0.7393381554646464,-0.8983325879641713,-0.21264224659196387,0.3940275138719376,-0.5344972451938417,1.422592677380666,abnormal
-6.166458137558019,-2.319773026116261,0.8283090264925497,9.98461863783631,11.075073571489819,0.6656955189371392,-1.2706370593071015,-0.3893046192025533,-0.5548238518671282,0.3493141895568531,normal
3.210473654367508,21.325307873884142,-4.077415920572871,14.933948845049766,-1.058281239108692,10.766079156157383,-8.030138482288681,1.8689863623478165,1.1440775542742985,0.08208056098671943,normal
-3.4127864790058755,-3.329819833269921,12.498832952184525,-4.091665473497872,-5.9928049980866165,-4.032812779978043,-0.6489567926868417,-0.1681010502469973,-1.1359632326113742,2.566294158463203,normal
-5.16409604925355,-10.36832728805528,-4.615945765562688,-2.3181090454121067,1.0027686331252421,-0.8607329815643832,-2.135716253922988,1.6352579543713721,-1.168686820284699,-1.3678658769042713,abnormal
-0.6342222066874946,-8.393939222906706,-1.5957594271823383,0.8409458899297939,-0.38242615672432795,-1.643032625142899,3.212002499810599,6.170721388688568,1.4573085852355026,1.210585268482961,normal
4.5033014438628225,9.037151457894657,-8.927728708853358,2.401120278506062,-6.435272339813577,-5.729481512465567,-5.9394510821629085,0.9121356405719288,0.5727384329311014,-0.41988681391995253,normal
-5.5463813450014525,6.157266738537182,-9.915366933982078,5.511523326098401,-13.33288117377808,9.367543322174045,4.723522965950854,-2.573100493782936,-1.2143450996650023,1.6434366728790522,normal
-5.387886942024493,-10.658532090563629,-4.571809782598655,-2.001963185905303,0.9111020691778193,-1.0108572972066463,-1.4602503929098485,2.813161769676197,-0.7316223116347609,-1.2086034787581614,abnormal
4.608984986489385,-6.010691481499951,-1.0792099579957775,-0.30918815085850077,-0.06017774842402967,-0.8590838252877014,-0.9743003475419593,2.5479443100000676,0.9041138090739744,-0.1784773141925448,abnormal
-5.400579777457218,11.58476846437113,-11.090207348996046,-7.287261250091606,0.13228561490867155,-6.162215501512405,9.312537026285527,0.22857696731283722,-0.4421670480918819,0.9692417258067253,normal
8.132884133718305,2.3328766722307703,-2.7724044084455324,-0.2813845752854041,-4.976204681298079,16.48078832550241,-5.237156327119269,0.9266430505263396,0.517896978654411,0.0946571240949967,normal
3.768194190271594,4.358181048467208,-8.137574816301155,6.290465970774681,-8.972002385803016,-7.628824981769143,2.7579515032973254,-1.008268736516823,-2.840244198673234,-7.608257023664171,normal
0.5985220037776698,-7.737484550808342,-1.9280880837894006,-0.4994097875693476,0.4824469602850463,-1.108707580768621,0.3824895803837422,-0.14727502773943948,-0.5412758642856159,0.8598530829798003,normal
12.755829071805403,-4.018623045138074,-1.6545494901283408,-0.7599610088851539,0.6074807622008734,-0.6729657543393375,-2.6770678564741086,-4.050944011997877,-0.5278308721661297,7.385354031145561,abnormal
-5.160872378692678,3.2726053139733113,16.25256422160797,8.259116839905944,4.656330870403034,-3.3769792499062694,-3.8333153159095064,0.6512248346453482,-1.5789045747558932,-1.2180408498724935,normal
-4.29127857125712,0.9466957425935155,-4.217434464525732,-10.756582860130974,8.27043919459021,-0.30099794986454426,7.624126326822479,1.0757787361304418,-0.2783186619204819,-0.3467404748916363,normal
-0.20561802027510345,-7.48045217016127,-1.5485194837537328,-0.7889980974622851,0.7089970605806664,-0.5970271215899076,-0.5992920278601597,1.4914432820696324,-0.29914741323997246,0.8435560921774329,normal
-6.424824020242497,0.7072556983741187,12.315521552542108,-1.6340383268553862,-10.197028745364417,12.522131642148834,0.5354011550969844,1.5013763571686014,-0.9785823421066083,0.48656124462720524,normal
-0.024631787040786467,-7.4182521790838365,-2.183762916048901,-1.121115506666315,0.031978899751432435,-0.6397871999794819,-1.2908079582623215,0.012549375778533114,-0.8478907742756913,0.05140407821345649,normal
-10.220801189608089,12.164277562467522,3.186271696608885,1.7251243779925727,-18.316008057274367,5.9383666464226375,-0.09128330301046035,1.1818565830448033,-1.6026974090348318,0.7531246722990123,normal
-0.11128348429902375,2.05144568167133,-5.223910613554019,-11.306507806549613,8.467316409718544,0.190689648222085,4.401769879438334,-0.2506374240214829,-0.9071390725004317,0.20606326380919504,normal
2.7668021638094427,16.689694647994475,-11.155428337975469,-8.110464213788273,0.7740418086811113,-5.9164345397356115,3.2281770026201433,-1.9200642928139595,-1.1905008108257624,-0.3990041669952428,normal
3.21093508054546,-3.87384278838183,-2.957635981279537,-1.4919914001207037,1.6026883402444427,-0.021132085543520814,-5.3418499290451935,-0.9473770684831297,-0.32575320052305706,0.5665530547137166,normal
-6.417170106641494,5.482878652152255,-9.01897097644729,4.6478328165782035,-13.008925994587216,8.189191353789298,4.223374520205486,0.40642668671530296,-0.8494504050541858,0.6385151551467796,normal
8.104467952973373,1.6853788888231673,-3.1268620450728917,-1.5284385046753044,-3.861721950964292,15.86322172169699,-7.252995353140369,-1.016035558524737,0.39665566474761144,2.8017257562979556,normal
-1.9836072834705802,-3.062028999861439,14.093088756035232,-2.475515255423236,-5.79446108960861,-4.379691387823075,-0.5049838066756853,-1.992896253477447,-2.5900655582820504,-5.310775228255742,normal
0.9937801021498016,-5.757979571496091,-2.055746640074225,-1.5729139740423814,0.7945007073231263,-1.0638223727075315,-3.6137856313528625,0.44939065260058486,-0.5934621014238238,-2.3109633880577953,normal
-8.550791109618167,11.14744314262693,5.183799371452327,2.3381640720432713,-19.044437622901704,6.642693987581113,3.644125231727216,2.4566037884699496,-2.1205875617366416,-0.9208149751428306,normal
2.775879536798611,3.919419104491604,-5.018060270730966,-11.448487920725254,7.844112367143527,1.2489256483720963,3.2485175406179443,-1.6867017797968695,-0.6929531766648215,2.6789791574903483,normal
-6.887511902717752,9.656471809027869,16.06657346727489,8.620856101723229,0.14630122328699477,12.26619463865523,-5.430210132703739,0.45858353324975776,-1.1339415870311145,0.7633465120810601,normal
1.7372433935447684,-9.171616529743035,-2.1405435890492734,-0.02101885293482541,0.2195618339284201,-1.1771957274517966,2.7363689050874505,3.154874090982027,-0.028630253934836185,3.535397265776101,abnormal
-6.367235912896924,3.4142414915897343,-4.990473190501544,-9.023510041925025,3.7285134650025618,16.839981324851117,10.312802951756549,0.6970622518298732,-0.8034091006559616,0.9047513558286944,normal
35.45433958631452,-0.6246838716493619,9.499174891191217,10.22875399008489,-3.0108612094112215,-2.6564474501352997,18.646799978912135,18.130873961654906,7.575651677158416,6.169559197789279,abnormal
5.049802389779536,0.1298890673556049,-1.2933635024543344,0.9551119098285629,-4.457423718651111,16.02598606026924,-3.0530170162606916,0.7639916764217034,-0.12197275892938349,-0.7809399560033258,normal
-4.154132048460567,-2.424632237878764,1.4550152241253806,11.319488177356241,10.337360088548916,0.13597027870878953,0.19523875447352582,0.9767830495693337,-0.9677532383495123,0.5184278620900933,normal
-1.994582451332273,-8.976173700383521,-2.5905727149150293,-1.042787155142851,0.4754276951448668,-0.7218623464470024,-0.12312605388399081,0.9082094459489549,-0.6587452720224852,1.7154211223476652,normal
-0.9724451996625326,-6.737848439599954,-3.249760384516005,-0.35905250588450255,0.23680854152480021,-1.5674136865887836,-1.464472290372025,1.3350706582364882,0.3638200490155074,-0.4039114948618304,abnormal
0.8553495107828877,5.620655492530634,-10.482352868132859,1.8924302999350935,-6.320285897663002,-6.071308757662553,-4.461433608075432,0.3512591856008381,-0.08568845705497136,-0.5231336605247358,normal
6.997704756374091,6.027631252833161,1.4979291076644385,8.243261246360346,11.571246849543833,0.9766898101259288,-12.733671467223438,1.4839759822419316,1.7980062546386808,-1.921711130165451,normal
-7.582874726070663,4.462557379280259,10.238584370958051,-14.330223087780253,3.002859169554763,-3.165762606289513,5.297419171808556,-1.1033734110086724,-2.28162357731427,1.3894748907728445,normal
0.2871224066632455,0.5408826368772541,2.890554730076112,11.30506750865334,10.770989646699128,0.5040958679533512,-3.491736952203148,0.7409812009525969,-0.99246396963953,-2.3889457539968073,normal
-2.4244629031214213,-4.322537693343099,13.52385173379882,-1.5228222516351937,-6.18537549786887,-4.65256021861679,4.707680419660514,5.756856526070046,-0.3285021838231373,0.5797590504756188,normal
-1.8855055912252008,-7.229740018208054,-3.2801794237254382,-0.10033105440083685,-0.44446932311762055,-0.15369520872882542,0.29633241568736757,1.3002677853262783,-0.1931545184242272,0.38222294015936553,normal
-5.708469833095426,-4.435576072926975,11.010844363702637,-4.504572862346006,-4.763366433321843,-3.2080027933158535,-1.7815109999352077,1.270339832501151,-0.8734284357760537,2.4349946210654254,normal
-4.183090606503032,11.676106696567246,-11.406906253218931,-6.223894316645995,1.8076688965176495,-5.403490026836507,9.842553640013536,-1.2468289901475504,-1.635378415692472,2.513558407666829,normal
8.162532860553545,-0.6664111043463569,-1.8266102045240868,-2.4330631730410457,2.511429973236895,0.38421793824079353,-8.209033496240993,1.9929048667210538,1.979307716981365,0.926642937901289,normal
29.771147831219086,11.230742273444585,0.9623751124746486,-3.2581722618404827,2.481302755907604,2.5417651215924075,-18.819171706959466,0.6711057381192721,6.0758924890960815,0.9751672436573711,abnormal
5.3248067051877666,-5.686101395834373,-2.805842305074341,-1.6670447906990353,1.1800645336638182,-0.5396287983602626,-3.556275136868245,-3.3204850625120095,-1.5597361576515,1.1540648251546648,normal
-1.612691222479215,-6.6402134706234515,-2.271009729549099,-0.833124769992538,0.05344538807760534,-0.29688973388608547,0.12123619980396994,0.7513949901151438,-0.04027060081680738,0.6532693811667549,normal
-5.457013978553223,-10.586688303674963,-4.46625180839221,-1.994571522143098,0.9111752034352791,-0.985872961951649,-1.394591487116754,3.9808335718029952,-0.33432707684277047,-1.361080535327321,abnormal
-1.5364700869670322,-8.86403838463907,-2.0738008433386,-0.26592798277244223,0.3146568914104187,-1.014679147218108,1.6884594232701484,-0.5320699399351001,-1.0054505387614714,0.6326197879751561,normal
1.5779486374894867,-7.516853939499729,-1.0989755699009869,0.8941950053266918,0.45004993945511035,-0.833982475500664,2.1993299069082646,-1.3902727767724194,-0.5075379071652343,-1.7209145568854773,abnormal
14.698516515868391,-0.20317292655276023,-0.7864419473633047,-1.7234388141989736,1.1596196313236267,0.05531240873353942,-6.839210635367811,6.242607672588859,3.748516870167359,1.4077187308047003,normal
-7.565287998116846,7.586094721367862,-6.563227638734548,16.456250084093995,2.2765864199521335,-6.969797892134378,1.5697991144123833,0.9897166252886251,-1.201632693067582,-0.4099680456136799,normal
-8.846025885225503,1.6965005841078835,14.65385094730113,7.296631620014451,4.773057099999696,-3.455019060336194,-2.6420163656671574,0.5361343073765065,-0.7263359549447564,0.6848661063869501,normal
10.728359939598256,9.795828573634534,-2.5614046045139136,-12.661039349574418,10.076199423906267,1.3934465715197442,-1.8686285836315037,4.492772155711463,2.5919897127510274,-2.9373983696848827,normal
-5.679694396681323,-10.815187165609174,-4.632980651249465,-2.0321352535899506,0.8784734612818521,-1.0143065212528435,-1.30774978088022,2.733058440534206,-0.761001044763381,-0.750392073669963,abnormal
-0.7297384721575491,20.25192050010367,8.476881634971216,10.222712535263144,-2.1787654274684547,-6.897258067483761,-10.32870601875821,1.030505036636203,0.5060108184263535,-0.47009061292345716,normal
9.5509726797348,0.21008978182499632,-2.1684799502909806,-3.111024117849024,2.885741804610928,0.3342776248600081,-10.580718411388322,2.5679298530855457,2.2296915992787927,-3.113531510218281,normal
-3.4708121901920435,-4.237405062674161,11.694004107219275,-3.6448942121389587,-5.238774591424011,-3.978602937672747,0.05898222486366737,-2.871262719498524,-2.759899441737859,0.7085550562128506,normal
-4.182590435277865,11.31071911803772,-11.373229102659856,-6.029912373282236,1.6027249774909973,-6.152826783662408,8.398750000082464,-0.5794318116703148,-1.5498175028435541,0.475766358462167,normal
4.4778359470544045,-8.068210400417948,-0.29493515896908895,1.085909046199058,-0.010711984839953026,-1.220012808923329,2.4431780333935387,0.598642452651943,-1.6579600435885322,-2.933847522912145,normal
3.9715315608205337,-4.6271925256125686,-3.3716000994047257,-3.194773633374535,1.9485507312437254,0.16790760748229783,-6.5356890211156164,1.0592188634332063,0.6285077291506708,-0.48971870507384907,normal
6.089522088924302,-6.77212821187327,-0.8921204971895031,0.255501319032349,-0.5050010734503502,-1.1400625977058263,2.072313757468757,-7.413683683786089,-3.502684628659662,-0.26902429671192624,abnormal
-2.229650951988813,-1.4909507081736175,-2.7937710216442477,-0.6860587861092395,-4.259437398893983,14.631631411998493,-2.097376202672006,2.0784059015147136,-0.05895613955980342,0.22609703470719839,normal
-15.58062603968442,4.3345516808931865,15.5130534246475,9.945859929541188,-1.572425329932602,12.690835839933095,1.8631330392681167,-5.959048219082577,14.343450406933233,-1.0242394648693487,normal
-5.4000916029678825,-2.490115216387593,2.1297141295213686,11.381377311423797,10.974832480896529,0.01734190384570847,-1.5716879305634381,1.8100094835149227,-0.6045484165810745,0.12102204478611471,normal
0.29686073280365916,-9.150990924764184,-2.3253938883959453,-0.3009860785251408,0.2960077461035554,-0.11262993624201674,1.819603794337512,-2.0522504798513985,-1.746092824413459,4.057946597125031,normal
-2.4089916781692593,-9.939904376891267,-2.4420391818273104,-0.46881720971409585,-0.16738011661202454,-1.6657586707739243,2.0116854695106845,-1.582070965065539,-1.307201397474214,-2.1775766804812906,normal
1.6828266621052286,-7.363863039424472,-2.031103709357762,0.7541835082283426,1.1056907192753234,-1.0721966251655328,1.6159300606555684,0.09846359750589614,-1.1759419430456703,1.8876683830901588,normal
-1.8760389452579622,-2.2795123668768156,1.5041901880636306,11.098070924396625,11.086455971237497,-0.1963306684784801,-1.4604381848647296,-2.195543431769716,-2.3823872853329804,-1.6625383050131222,normal
-3.293819862279765,-8.09897806619985,-2.7207457139139115,-0.9267141641913496,0.604996500478847,-0.6711228653685736,1.7660388179944746,0.5809777325578276,-0.047104917040802004,-0.563048484139469,normal
-1.6443979910852735,-2.5281029884858213,1.9405916100301597,11.978644491534107,10.451928926680992,0.04371333188519844,0.9851896230762673,0.03677932249383657,-0.3841620592310975,2.5380006051234556,normal
-1.819933911172214,0.6406366003371294,0.9049007467156238,9.003218419400776,11.925681290379059,0.38900684640286937,-6.582184471486706,0.7767158624075,-0.024866952254766206,0.004158703175506115,normal
0.4499143810268815,-5.7868793056367975,-3.0370907447804516,-1.6942087679394366,0.24399408713928036,-0.3765591353755016,-2.745257223801284,1.6934369714777446,-0.11367805803909665,-0.841998128052937,normal
0.33401133993050247,-6.240474701189622,-1.622872917819723,-1.580881734076419,0.1994897269193946,-0.39964428283083786,-1.6463035811186442,1.7524553450368228,0.48615483359370154,1.490657834365545,normal
-0.4273068693949171,-3.4356319078585504,-2.2542357249676614,0.46589433827574583,-4.982390808417742,15.808266494074406,0.2065854952099617,-0.1419435594850848,-0.7988195177856087,0.6144768664089947,normal
6.332505976110374,9.349675755271447,-8.475404778628329,4.065544392650709,-6.5436518882808326,-5.944638855265972,-3.2580801109899586,7.477850244386847,3.1288735266853807,1.963105502613382,normal
-8.142459605176992,17.77427158687709,-6.401711263079693,5.2434548805116945,10.663120873149175,-5.486447631856385,6.346255827343453,-1.80367239339485,-2.619527420850861,-0.28457652610211137,normal
-5.434297287374517,5.089561868594742,-9.66269383429741,6.373495545770694,-14.1534219741656,9.357726084997081,5.5580361485723495,-0.4110856459148469,-2.1284500530391623,2.856396494792731,normal
5.928840653512449,-4.046690168708799,-3.527952604957513,-2.1244346548688005,0.41419441652951555,-0.7587362725184631,-5.374380644620955,-1.6866859098153222,-0.7646289536671997,-0.5443624713774861,normal
-2.4016065838493312,-9.22142993093093,-2.9518617935435665,-0.676505392085039,0.527676581191857,-0.3878941077737511,0.643015822922658,-1.1192915324106976,-1.457816435864805,-0.5704166860955562,normal
11.473269977646622,-2.4574057366840187,-2.2376905606263366,-1.2987635373652702,0.10340486828208346,0.473604102665571,-2.368591717148452,-4.964227270408768,-0.0490417059771671,7.197144696152127,abnormal
1.2083299665954033,-7.506427933459632,-2.4256332079572904,-0.6311553396206707,0.4241584049974309,-0.9945332346255812,-0.6193960521068173,0.4022091474151259,-0.43504164894626685,-1.0076132886668872,normal
-0.7403486767980795,-10.183556446093515,-2.542784712238939,-0.09587962222632299,0.22893685799433725,-1.0017772866551178,2.3443773420834986,-1.1843497548736976,-2.210287699510718,0.622627494297484,normal
-5.179439537507894,-3.377603955587936,1.104681182481037,11.752567080296583,10.84361870453326,-0.0036601756967428404,-0.44260492560151793,-1.0542028166461295,-0.6831282339775481,2.5534322391688717,normal
4.8786765610169285,3.8709227402737754,2.2747491230080907,9.3019641698945,10.656672977131828,1.4846858014484021,-8.651733769218978,2.0954431090007373,1.1467777178406768,-1.4019594588179163,normal
-6.910745081601937,-3.755115137193232,11.816157080179295,-3.542227227100551,-4.146165425128899,-3.6885225505917236,-0.7676747943869481,1.2753555653620432,0.45519349718042207,1.5597262196623762,normal
-1.6909648721630928,-8.958101882163229,-2.7980420894342353,0.16135148966694568,-0.08911126774089063,-0.16256228229665018,2.708037381957173,2.6662741310060034,-0.10888038601440703,-0.004718029181000647,abnormal
13.41437829501663,0.5775978334161495,-1.7952545850909178,-2.93733477951446,1.5827956271178996,0.8385917302805442,-10.012725015803806,1.8311341523679636,2.4802637253300324,0.4087100188306025,normal
-7.262281218661259,2.6107294788458804,16.581071549588078,7.488808951779612,4.91948433750978,-3.4075824959371768,-4.128744977895398,-1.4444972793132882,-1.9331787716973057,-2.1758311568699713,normal
-3.165830077138249,-8.360725996615871,-2.8811458794284985,-0.7487686859957212,-0.5861087196448471,-0.2776664569523755,1.2101012340052155,1.2112665398756612,0.15228591933774757,-0.28104533461716874,normal
-7.523609312122391,4.213309712369286,-4.953990422395795,-9.43638362646353,2.7727123949127046,16.21879263007848,10.074896219793818,0.082929621409422,-1.2801600582155275,-0.7692519085249796,normal
-6.012870976579125,17.623461403726587,8.222188804859869,9.909992482695898,-2.125335523103931,-8.41541603870546,-7.5815842071960775,0.8189483733995281,-0.2867438287443694,1.2543020943846548,normal
-12.39426943722986,27.643529561408307,7.681758477222461,3.2006525238766685,-1.0557540820618532,7.863830340092448,3.874038821272898,0.46792900884620725,-2.224248182416176,0.8315982542190239,normal
8.968516350658604,-6.691594440222,-3.062590355387836,-0.7393676704721054,-0.33778123172701796,-0.35884056939458775,-0.23734133231309343,-12.223017007467345,-4.38524923596139,10.257950087473137,normal
1.8877176538739402,-8.060588828744105,-2.1869814631989724,-0.0556040064996069,0.03295649333587285,-1.3032346496217169,1.115533032678418,1.0293819554216845,-0.08576905011424195,1.9139165553641744,normal
1.7957214948669467,4.59083521314709,-3.8335434871610294,-12.591879082365208,9.269637419749259,0.7128466582018668,2.1225681665040286,1.354290350535668,0.10551359820524116,-1.3261680793296537,normal
12.051882176372548,0.8095279047423284,-1.4240318818207003,-3.254829591736402,2.2754666176300584,0.8191276939051293,-10.281605166655712,3.838276294004661,3.1335306798626537,-1.6260337398740106,normal
-4.130844388732008,-4.367843773314286,-2.3543331004835015,1.076315233689934,-5.810416989124911,15.025982747850225,2.4933155307036614,-0.4859757079328077,-0.4993357534047943,-1.1195491291595447,normal
4.814060881543388,5.086720293763073,12.162095009617063,-6.090776642651637,-3.7606611098015947,-2.969001596701512,-12.605840378991743,2.6179389852076183,2.1929912838737176,-0.5987300309736305,normal
-6.974805626553001,6.06078072641329,-9.627413465714143,4.230268488997079,-12.855787102251396,9.378072624839657,3.447985205371312,0.7465466929486657,-0.3416600798437992,0.7122156099223651,normal
14.701572717092084,0.03314699837700029,-1.7653199473841281,-3.0413792202371557,1.9626922416631334,0.4029219329569661,-8.353029017273789,-2.2040256234300024,0.5041498718662256,-1.1783616908516503,normal
-6.067834026251123,-4.6046669344243645,12.163841229118848,-4.192690718220125,-4.969584449517741,-4.041021684533164,-1.3662333019235429,-0.12927045680434168,-1.5520008843543471,0.46773093663284787,normal
8.648081798075289,4.482880739460546,12.949436273802492,-4.946938304373885,-4.951777872514761,-2.900392724447289,-9.697659005596206,-0.7313381243221208,0.07256373713486808,-2.421185236630753,normal
1.619099798978304,6.154663032557806,-10.61119884109754,2.895803183807854,-7.713137481765466,-7.118758757809339,-3.5210002904475606,-1.8576780435400289,-1.2412196189232576,-0.15594770327048607,normal
7.054672199144169,-5.271076710677823,-1.0680262368661824,-1.0845576009100775,0.6154555263679675,-0.7946385964196228,-2.1087413604562504,-6.1398654316138765,-3.2223078274545145,0.12652612081644513,normal
1.9321913246491853,15.785303358359519,-11.410719437957631,-7.6048136366012224,0.5085934991376034,-5.712255202899176,2.055730393646631,-0.7499760103190543,-0.30296293033782395,0.8930069650351647,normal
4.324850609967405,-3.6261419451272077,-3.1038245678554177,-1.9140878742721212,0.8868202453963676,-0.4370073503806116,-4.578569546444713,2.125286259024841,1.0982976182235469,1.000284845309241,normal
2.6934968891867954,-7.031710935814452,-2.0623877443978667,0.07150142006069715,0.7844144734858581,-1.2994515481463262,-0.2035176279975679,1.2561417685991516,-0.8252010307280727,-1.4965481723958416,normal
-10.200418136725737,15.917919277666925,-8.530889713725113,5.087124739375344,10.552929445323047,-5.895350281090615,9.722138166659114,-0.3204034637107008,-1.632899382093114,-0.3436090878605328,abnormal
-1.7742781912479613,-8.724164525605513,-2.1062573481992346,-0.6940084818421557,0.3526792083353694,-1.172354889793381,1.913278554569179,1.5515917597067697,0.5043381403583258,1.5605012225947448,normal
-1.5415625750694244,3.9031978820216002,-11.4415969034541,2.024591423338417,-7.34189017442049,-6.491524586799662,-1.4478199743102675,-2.2149670121642653,-1.4227366113369302,3.1393561419094027,normal
7.266248230302538,5.734565315148539,-11.043802312849957,2.3280933894743723,-7.771224135035753,-6.956754007482932,-0.3562826949968062,-12.246733201543186,-3.8213933130342177,12.688475418762872,normal
-5.800334743894968,-4.485604349656425,10.819669550393915,-4.064807941229152,-5.28862807801505,-3.7314167856240448,-1.4967326408208972,-0.6781272473014556,-1.552055906319245,0.4560352499393578,normal
4.709917088145329,17.19941654239053,-4.682311466864757,13.723127179114089,4.2342398010031355,-4.158754348226144,-10.751736902933493,1.6955913869681896,1.3990848274613006,-0.7120411282858898,normal
8.063476561515278,-4.633744913808807,-2.326608083852864,-0.5828459161971274,-0.13511377341098796,0.059836382318867225,-0.21283760455080877,-4.54093894541627,-0.38671457964231215,5.392361237555131,abnormal
-0.20752555529459457,-8.579795504804986,-3.202927189171883,-1.1478256082582317,0.1691788959478981,-0.5058477782735273,-0.5639967341272591,-2.214808738719054,-1.9079541810709912,1.562766750791556,normal
-1.2772776504218153,19.117740654090042,-11.088381791620474,-5.4681363959358835,-4.274181843735293,10.47491224404636,7.717028162945935,-2.0245597049497777,-2.2329077560538972,1.1858320136146432,normal
-3.254693124355372,-3.2077811745602625,-2.6737160340327875,0.7923774102814418,-4.70684956847542,15.93962177369668,0.7708031016965384,0.4814809474620855,-1.5148583217179734,-1.5176742978374549,normal
-3.550010718265505,-2.3745373437921673,1.0874384130810093,11.073697847321288,10.908016849591522,0.19767930070652637,-0.6155532381876233,-0.7810867660725043,-0.389862988311089,1.1488183829953245,normal
-10.994517207538186,2.207629818715063,16.081784180744055,7.184211040838103,5.970825117570019,-3.0500388902127398,-1.7912784797393453,-1.4849187553481815,-1.6980526343626412,3.488808484792823,normal
-0.5420126797565317,-9.204239042696651,-2.5677949673780063,0.17496821335302587,0.04278978663422516,-0.6787950672913403,2.7036278981513613,1.9259504003770702,-0.6667360705968916,1.0417527076750652,normal
1.7155454537787254,-7.925485954763015,-1.5616463836404626,0.4876418403267418,-0.2665720113877625,-1.3355483363411227,2.315637554624648,5.606304523856638,0.6103633872556331,-0.3133384805588959,normal
-5.799395589336872,-10.82637326881038,-4.67201453784636,-2.112442098123286,0.8866103666082341,-1.0095739852349765,-1.4366640347464368,2.6083679221868112,-0.8975394850732258,-1.1329349035199365,abnormal
4.385810529942835,3.489812800698238,13.29361063459009,-5.095325700614699,-3.719292196019733,-2.510738029039859,-7.2485470499908855,3.666903984603412,1.5919697129854453,0.4714247708995059,normal
6.524972852004996,-7.9179651299831635,-0.7340768703082764,0.8431881823364115,-0.10693677330430715,-1.2978205349358132,2.775051458630886,-1.6874797707366949,-2.122729015219093,-1.6231282585884532,normal
9.087636457018263,-1.468502813756156,-2.1942651397080515,-2.494261691585921,1.010121979983322,0.6703733925144525,-8.820521608122482,3.586716303160386,2.5823733798331006,0.27496604271918856,normal
-8.362243659374425,0.606671382093039,1.327327235580072,12.607870132377293,4.7220969405291955,15.82069514432008,1.4486425837380896,0.7308897610254699,-1.7188222328341363,0.7153868058501432,normal
-3.0923147569540594,-1.464902923785443,1.2067738344911547,11.2234788080696,9.815093581502229,0.7156961655026584,-2.3971719123328965,-0.3824838806060942,-1.2035788619792072,0.6774137869310347,normal
-5.837557792517862,-3.482326343626136,12.334693747705828,-3.207035537465771,-5.817257084085369,-2.416400035316002,0.43387299058747836,2.2431518208297594,-0.06326523488958606,1.912729756288024,normal
-4.87610297264163,-4.702599620819025,13.423819743435633,-3.1743674588048028,-6.154788079130646,-2.885360058242067,1.8284673972671353,2.1642996849853935,-1.2379082590638883,3.0096759910540034,normal
5.39618052422612,-7.488332907042914,-0.8554812584857103,0.42911871241036975,0.23740575465465663,-0.41862661198327045,2.213640756942439,-4.274214835309477,-1.98589022222112,1.1581730485983233,abnormal
1.7121024624728642,-8.383008451429408,-3.0755376425081984,-0.8939189311381233,0.4676861838784346,-0.6760928858307468,-0.4743123244496712,0.6204925981039865,-0.2804118141485221,2.8720331908039447,normal
7.648166677000043,-5.286651928865065,-0.6745589817244649,0.06838698154306265,0.036821625318920526,-0.11577068212531112,0.033393226976473504,-3.230532788188966,-2.6911841184520164,-6.138730274566252,normal
2.6113829042496075,25.539852897156365,-6.158310912359006,3.2109235205442928,11.555352076499798,-2.805399205594038,-1.6516625472613935,1.7629856582761259,1.0160345903993884,-0.705460035762096,normal
-4.636620094087522,7.884814714165751,-9.855125583309539,5.081961308288568,-13.259652759178074,9.34644620806317,1.1575692703315197,0.6419983552924982,-0.46317356702007195,-0.4100832204400813,normal
7.981981267944925,11.389099912843248,-9.342329213618148,1.3726637083171587,-6.303735557146545,-5.825174129528263,-10.05483427278149,1.5435416612229635,1.8509276496008085,-2.136216055875036,normal
17.478213675927172,-4.382091727660901,2.360726224334566,2.7274363148596277,-0.3657906353881095,-1.1341036116139271,5.038764880663995,5.297458447129087,1.4825013009524572,4.394607414408961,abnormal
-5.554305536729785,3.0908582986681545,-9.911502919382151,3.8958405720054796,-8.32281429943746,-6.39053157675826,1.300406650859152,-0.5740091047235876,-0.699599446167254,0.34400951579731903,normal
-8.124654727009851,-0.762857304630668,11.699956999392702,-2.4427086248929286,-10.808935574198623,12.473079418305106,0.17416340269587005,0.03746855894796744,-2.190980797881231,-0.7892432612882878,normal
-3.066266643825497,5.028711816579845,-4.739435639688014,-9.384721891729706,3.692094838509112,15.777992841065481,6.415434821198655,1.61614716112097,-0.758481771110656,0.5560713241747147,normal
0.30147405920288434,-0.5954999263034285,13.679506049722075,-3.378953713105202,-4.440865719302866,-3.5048135338126567,-2.4594409297157585,3.8200218152515837,0.7250569903976288,2.781285808941179,normal
-10.362125610040506,16.321341837946626,-6.9850495657271034,5.324912192803387,11.052287245081233,-4.889867782138631,7.151637924682715,-0.6210132702432751,-2.4522229287047095,0.23651163924025448,normal
6.5347457373206534,6.638709627526652,-4.1753491450766855,-12.108483864290283,9.347149962015136,0.0803059288671695,2.788994005457847,4.543681588520596,1.995870405262122,1.4473624676365267,normal
-2.817014404098734,-7.939496817083415,-1.8166382031778827,-0.5216804798803023,1.1590658242873084,-0.9596837200876771,-1.6630301716249625,0.2498775436539255,0.3802141337119095,-1.3571623725560527,normal
-5.217214964795496,3.895018409711798,-9.803600455239149,2.2085006737059576,-7.534887717493787,-6.115329859928797,-0.15112469670310444,0.26922809332464,-1.0215665755340535,0.025687005255601594,normal
-8.518860316106904,9.89660356824744,9.633323761296857,-13.071899445639097,-1.1533415496992092,13.834821982016994,6.6787171014079245,1.541145142555251,-1.682307859189545,0.302851499746352,normal
0.5871134199904338,-7.324803370004708,-2.731618109787273,-1.0649921963642146,0.5390645829054573,-0.820267062504056,-1.5493170634497349,3.1522199938555455,0.35042628716480284,-0.368591040503886,normal
-0.5117152281868487,-8.163717118560069,-2.5756010296537966,-0.8799408223124449,-0.43735677292450303,0.43821855972509605,1.082828810917693,2.1208524477014965,-0.1493685950309072,3.1419973503859886,normal
-13.433040364482027,23.07760958336526,7.300470910102767,1.3451145895347063,4.673833294050763,-7.965765752397558,6.0039176744532865,1.316161452921093,-1.9590421014169936,0.17501058283381551,normal
1.2768753945489346,2.350250906961191,12.75882196382641,-5.107998240729434,-4.369074837273841,-2.8272262176604253,-8.486241911053366,1.8978511225427528,0.7849316563141508,-0.15255157354008453,normal
0.004133097625521404,-8.21461394114156,-1.7930617621577492,1.211807759863483,0.23680365951513221,-0.40516831287643207,2.11478026306667,0.8614653654237667,-1.174349700974033,1.7109806869093538,normal
-7.197437208792914,-2.4234868852862563,0.18422678889422822,11.804103211005394,10.833640017814375,0.4189382020880226,-1.4851204687088584,0.9253795777792901,0.049589169122667996,0.37673250657194,normal
0.21203833099563926,-8.681085254354011,-3.3718792631794696,-1.199699574647715,0.6494268549587795,-0.3475411238798045,-0.6795444309317463,-0.8701792144893554,-1.2061060337530294,1.8804610041869865,normal
48.14425093845329,8.784093954360346,9.12349762107633,4.445068173745237,-1.2642945777403194,0.21177548433238838,-2.9141919861208914,-6.776682257313264,-0.7035311884882048,-9.249541069170295,abnormal
-6.167290151818457,-4.070615898672966,11.903746762443268,-4.688185367402112,-5.557621386053094,-3.9882265289358387,-1.416931467759942,0.4093335112903372,-1.1431964831382568,1.3977922216723022,normal
-2.9558160300934238,0.9912997098874632,-8.876831413379618,5.403221277905316,-8.324581396485744,-8.087780179887375,4.573901962881911,-1.6639538954298883,-2.5626385978422412,-4.173046032245549,normal
4.344757539991435,3.4722417520953557,-3.91876651304533,-10.533901830648588,8.608188636372107,0.27711415746571094,5.026827522479976,2.002356544872494,0.4995610131754734,2.6404746935777252,normal
17.720427221636534,-2.622818600036991,1.585135768431727,2.2236578975763726,-0.5964144941765288,-0.9330867568273916,-0.3332759955367248,-1.23998677004111,-1.1937611674167852,-6.8061719333648245,normal
-6.650387672300519,1.338601555831747,-9.669300763309511,4.8186627712148065,-8.708547309636506,-7.144769047055883,5.212600194152193,-6.3869170840956295,15.543348194542252,-2.7517653400309374,normal
9.356838591171055,11.629307294423358,-9.18569904522123,1.4529873152213286,-5.922561369665536,-5.373637643891979,-8.587519313655745,1.7903980717893093,1.7836634255779622,-1.1695815689933151,normal
-4.6892828679262655,-9.947160333593358,-4.59940286714115,-2.328241800526817,1.1029301101323923,-0.8427939515095986,-2.5100164614164275,2.97028268835491,-0.4075489813207633,-0.8634737177222185,abnormal
-1.6867107737494325,-2.681548743698223,13.300899901470215,-3.218800102503171,-5.674462147679662,-2.778001099519252,-1.3683947955274218,-0.19344136789983252,-1.9209658341213518,-0.6564715088807791,normal
-0.5697822835720471,2.2962191414733244,-4.890547447479562,-11.126286668876745,8.260637639392703,-0.16112485109196126,4.453698287105355,-0.6748698346055709,-0.9510114571349972,-0.4225126205943891,normal
-0.9358068801682539,-4.72923511486362,-1.5874729156599519,1.6042083989667764,-5.942991365971104,15.79293101935582,2.923592644258372,-0.054559728027127184,-1.978529995284281,-1.262773320738712,normal
8.764328610729244,-0.37061296036470454,-2.960052996867511,-2.5194224238868963,1.2881275636894065,0.3054039440756127,-8.63179090992298,2.1341203597883687,1.9947500606711164,0.22560239741236776,normal
3.760141428433206,-5.077241828783355,-1.7216813140966327,-1.7043247819677567,0.5787973973283902,0.12990167617014026,-2.472445118191285,3.2707347175771955,1.2832702281629074,1.4625882765583982,normal
-0.6312791802191796,-7.5434787874192075,-2.4136532713993932,-0.528876805364545,0.6747584910356459,-1.0049401081763922,0.8831909462006509,-1.3591701430482945,-1.6092155358566913,-3.089211496149042,normal
3.189150962908324,-7.793666928621178,-1.1103622439216736,0.8732453744318389,-0.34249187359332356,-1.7151838068974088,2.0784573077330553,0.13952435650030506,-1.341877208069369,-2.536716110406083,normal
10.864955037242428,-7.884274847887523,0.7349041694350874,1.952025880059447,-0.3087468695966435,-1.3954231299251192,5.49268512170176,-7.823051819293004,-5.022480088807823,0.741204174611725,normal
-1.1695942756986102,-7.900565782044388,-1.4594813568620428,-0.2542768123820725,0.6609255453675725,-1.2396973008199754,0.22873400441513989,1.7670210923328833,-0.5128992969509345,-0.33514311295110916,normal
0.31851157802561314,7.39850425677813,-9.358258972595818,2.737059322129699,-6.533942491819464,-6.405296841084187,-4.602492744482907,0.031101058381238104,-0.21139534952484762,0.035880601282008644,normal
-8.393996590410161,-2.842437631270135,1.411062378370282,11.854268993192495,10.083828512478588,0.4340042671380855,1.766826965646911,-6.618782806692501,15.437595737397668,-0.38796410304126,normal
-1.5436755537410387,15.589378740044458,-11.406864419004714,-8.373137652942889,0.8948072274492443,-5.871193429727597,4.393324859404341,-0.22200106537488692,-0.8840156266101432,-0.4103927769469715,normal
-3.025623942229425,3.154348283762164,-9.306153835525267,3.726451538536746,-6.945860975542638,-6.628279744519852,0.07226320783459923,0.7722190799236176,-1.11544643930929,0.07201474738381243,normal
-3.1903946395001217,-3.6613901629636114,-2.9907517140289555,0.8315240970782117,-5.408023437454391,15.42710549825938,2.8986271585597843,1.419036483558559,-0.48086717002034357,-0.21885871857574948,normal
-14.318669301119272,5.516777880682557,14.718413058766933,8.884115755701805,-0.05643925101851134,13.404454960609751,-0.9187175107378046,-0.861806076875497,-1.1635923038454246,2.1027440124483805,normal
-1.295356650298133,20.026106401422656,-11.693300648348266,-6.512413752698596,-3.9714288193121616,10.441792887217352,4.981947912274753,1.4381899773084132,-0.511627869899088,-0.9066658670390007,normal
-0.384113122224809,-3.4906843445465556,13.524606621569019,-2.6259327096419707,-5.215335578859329,-4.1924093058007035,0.19679602390764547,-2.9062088688438195,-3.3556852586688497,-1.2429408249764897,normal
3.2678097315437897,-8.886256907978925,-2.0936437905985326,0.2556718352269545,0.29627920757455983,-1.2242917045106194,2.225019155348564,-1.1994872718904444,-1.9766657641059464,1.327940746228556,normal
-5.156938515062428,-2.3634381777517275,1.0251870033682036,11.516465111876752,10.945074523450417,-0.6678476994701357,-1.9514984954443961,-1.2026853375745652,-1.780458706559247,0.9591806411914807,normal
-6.556711201260613,6.8732081142039165,-8.946426386907138,5.849525767818489,-13.587671917365638,9.077764352761218,3.697456300101087,1.6032775853093646,-1.5376165816436078,-0.5581877449354403,normal
1.2406439398443447,-8.06054726472342,-1.8652857171118173,-0.7331467959210657,0.43055658013325204,-1.057135216935485,-0.2298394323874478,1.6953448334417756,0.3966324561378981,2.1649121274128538,normal
-5.888052505505895,-10.301590370870294,-4.79685616915933,-2.4243543637220886,1.1020956550480918,-0.8616674447898985,-2.589315519959183,3.2992319455202566,-0.4838865036059956,-1.9691666282776066,abnormal
10.902960528371057,1.556567743376905,-2.455318703046655,-3.386200068780269,1.187551926925813,0.6985261438680824,-12.259557712197022,1.252441341271588,2.3619615221325696,-0.48053009824088816,normal
-11.575758313046048,22.710519551757773,7.346526375540602,0.8635560581363756,4.983930960791543,-8.982100132870112,4.531426017775799,-1.5383442210707192,-2.5019457458156165,1.6395938237782892,normal
-14.5407905565176,14.064516827493335,14.095390478023274,-0.7543225592592513,6.746391989543583,14.490697209116787,9.01680082157681,0.7536763510345691,-1.5969865105476915,1.6110137483837836,normal
5.952547981939216,19.587094302488442,-9.738881795163001,-8.58929174167712,2.2181195464708416,-4.098392183880029,-1.479865333527591,2.1924874893280415,1.7389573551891655,-0.7257141314930959,normal
-9.533298080621353,-4.1695057735227055,0.36303269331886867,12.43177802470338,13.187860199258456,-0.21033620041681791,-2.7851382551671042,0.9954361750109543,-1.9375776031860408,-0.7977334758766208,abnormal
-4.357458186294964,-3.5290597188304242,2.1517300845893312,12.102009855808495,9.483124571090158,0.9006680619043035,1.143242629130229,0.4223199383072643,-2.0146888525814837,-0.3253673624439533,normal
5.153740070424777,-2.276161358017977,-2.0771474746342613,-2.033835794924343,1.6487462692322956,-0.40375180832487734,-7.455491823301978,1.4468041402345246,0.8829735271082977,-1.51450173853889,normal
1.9278745117942018,-8.2955245941398,-1.9216668088854987,-0.4251438403410417,0.6635006274695989,-0.9191093423256932,0.20180397906014055,0.45947197521686167,-0.8620467340833851,0.8928957209830056,normal
-5.887679509969494,-10.626898489699991,-4.653991096457347,-2.1793695661583206,0.9733614987751351,-0.9521468770646929,-1.6554966561753999,3.725683949138223,-0.35385553688980714,-0.9042312150379791,abnormal
-7.467907836049871,-3.870335275104838,11.201724552441844,-4.525934623142961,-5.065850045941519,-3.365040807464364,-0.6798940805781671,1.1524141849299119,0.061389178675089494,0.922643762804019,normal
-10.605617857363313,6.498379248987479,4.784834530623033,0.567533344578149,-13.760871428261972,-11.191175902829649,0.8059772609879287,-0.7586357260072961,-2.067928768128832,0.46268859280744085,normal
-6.6215084371554385,-2.3167460490383163,1.257467235076344,12.522530267971145,9.821864812549745,0.27463344484889596,2.1773231622670677,-7.479958796580921,14.982827572656625,-0.40722150306649896,normal
-2.3273776513012447,-8.902636806442663,-3.6090418064725722,-0.9071632204384995,0.11458864021780352,-1.1312300546129346,-0.08946857541407163,-2.0777236014176648,-1.284064633388527,2.3677948510304083,abnormal
13.819087575619632,1.2089324024196797,-2.244778651000882,-3.0750792427554643,2.006759521198379,0.20831749309651465,-9.418405522032725,-1.2484438015240946,1.273938254139925,0.5541017853279087,normal
-5.298922805530138,-2.442706486082218,1.233349710223649,10.198572641494147,10.227714426686264,1.3477850677000247,0.4859084630297445,2.657088407486973,0.7000808918905836,2.0517675465406398,normal
-8.284845772552618,8.381565907940937,-5.722056978279253,14.658418135477152,2.4074776981076345,-6.4196017364251965,-0.5341746093940939,1.0715920207678384,-1.133067569636568,0.264918451419731,normal
-5.668145639577285,2.115268212305705,-10.538565259389088,3.7912047947897687,-8.269206808377342,-6.504807874262962,1.7966082784073756,-0.8242724729204283,-1.6751616092574908,-1.3544695021932835,normal
-2.6475870428362116,-8.192644904890752,-3.95501201174173,-0.8580120136605572,0.005816082910449382,-1.2296668229697192,-0.8198320488232465,0.7474838997885559,-0.820319914224497,-0.4796716472776669,normal
6.616589504646378,8.01246358332876,-3.5265090613843686,-12.614458978136598,9.789762692836318,0.6208382215620162,-1.852523780749559,2.840891089717017,1.8223087099413762,-1.4961874846513454,normal
10.201311881657507,-1.586133244482288,-2.912272178750805,-3.020227665582362,1.6553418959461634,0.5926414065860206,-9.03722835637973,-1.2440466045502931,0.9984451999053721,2.0421313241011454,normal
2.6406925937167327,8.332317323277486,-10.134427293488384,1.098021383341547,-6.953622178630721,-6.6425525378212305,-5.827436252836756,0.23279347140452372,0.20543385721610508,-0.990697614854223,normal
-1.9876633266432526,-7.894504792321084,-2.996354960401099,-0.9435653799258853,0.6510783017758591,-0.9677687921936523,-1.452345984015008,1.673705931528915,0.23636300882627087,1.2153965050489008,normal
0.3671312103874068,-5.5293634979147175,-3.636707498227717,-1.9981861466827997,0.5249582472845706,-0.00587096316464224,-3.2359938840681224,0.6101476643743938,-0.4412661216595828,-1.2184816726325363,normal
-13.131784457705383,11.896418285447076,8.378876245109607,12.042018580244779,-2.953091023303456,-9.078882370481795,0.2771064399988768,-0.6248896875866965,-2.028362738847738,1.3906476171571152,normal
-3.316736173056538,12.876100930634914,-11.09719685979338,-7.91457549577007,1.359464711195438,-5.719187023127872,6.750491663712732,-0.591898464163494,-1.6234400065762784,-0.9245337961880722,normal
-5.958922518362886,-10.408234210971283,-4.782771116628442,-2.4167048044805557,1.0956270789907123,-0.8600115743503474,-2.5160628311844553,2.766076515676515,-0.7133204688614413,-1.9043341578567157,abnormal
-6.640449205117795,9.573848493848267,-6.204414243614731,14.573930274812051,4.043421687600291,-5.756109872873729,-3.2291892945852454,-0.1184762453896791,-1.2862236709286372,-0.00870302067772877,normal
-5.325437385644936,-10.75747321842726,-4.397562921095369,-1.8089610817494555,0.8425637763983758,-1.0790107173904115,-0.9193786610622213,3.378563779578382,-0.5967428235870889,-1.309800833203331,abnormal
1.0426397115064099,-9.16648899239762,-2.362639416931891,-0.23691877447666893,0.2997612188342248,-1.1997211385616622,1.041172584553193,1.4684356968106698,-1.141103659837989,-1.9965915360675766,normal
-3.54103147712019,0.4967663491390088,-3.534875706904071,-10.691883803781787,8.759714566504462,-0.2933904085076128,7.493930329109154,-1.5143337466250004,-1.3407384549317234,-2.1233540387328063,normal
7.6845150633345005,-1.9875661794308417,-2.68341447183327,-3.4612474077250672,2.570133781761075,0.010885979625231298,-7.459355218269063,0.7760200875985979,1.0352608678183834,-0.7917343439232829,normal
0.5787928120955008,-8.161297027840932,-2.419984712105115,-0.9831517758238923,0.14268452740784188,-0.9172880781670945,-0.5817864855024512,-0.6391596446062071,-1.2998852290033676,0.5035248039366369,normal
-2.5586640290684923,-8.357329887144095,-2.8720702286957005,-0.27195643353972193,0.8774965597397764,-0.9100112873677857,0.6947458425826377,0.16021246135333503,-0.08330111505826075,0.48674147034597365,normal
-7.607815305580178,10.035262810033434,-5.546115325327361,15.01305124227312,2.695339456466316,-5.566041927833475,-1.2244935820892713,-0.5207872640960208,-1.1494608802782558,0.22096165046642313,normal
-1.4898076810723768,-3.9077889642618695,-2.4665278973368183,0.4477538106665046,-4.763430896424683,14.639272498337158,0.10434450144795088,0.2396875279920328,-1.1786671220876601,-0.24925024673543844,normal
5.529240443204134,-7.881620244440252,-1.584482229534232,0.3042003759523505,0.23844282191746036,-1.121149808014439,0.6403691526525689,-4.203101507838975,-2.9400721374039365,-0.6934409829516979,normal
-1.3030428141806767,2.9325267256058742,-4.163095389350404,-11.497422441015718,9.480675090111237,-0.079149846608904,5.542081326123719,-0.1960393669363592,-1.0687152110843705,-1.3531062839062498,normal
-5.5002189866187825,-1.753557025952375,11.540813491619687,-4.936358846943847,-4.197612801325316,-4.176538505146113,-2.997842790523853,-0.3659944346333484,-1.2174104665503687,-0.5374929254602406,normal
-7.389370199465837,10.276529906595108,-7.055322564653882,13.98493377068188,3.4661931997393016,-6.395475411684552,-2.4402536592876554,-0.044513656386085836,-1.2166979417400603,0.3972295558721491,normal
3.619287538957547,-7.248584271397351,-0.7512293905493,0.5898861066136611,-0.35016480658207544,-0.7147315758336316,1.9480435126346964,4.910313274156738,0.9959547630292866,2.5945593504740265,normal
-4.947233523366853,-2.12491460019937,11.33177910820993,-4.055867680318519,-4.708651544504632,-3.815891514624735,-3.6561808993345153,-0.18651787988847662,-0.8231353967020368,-0.6631433992907766,normal
6.608824705901963,-1.5553267941877968,-3.6437263113458247,-3.403397145875821,1.9096920910622928,-0.0383288373665525,-8.106877654238732,-0.2229034006886982,0.8360476357072094,0.5848724266567465,normal
-2.080500361644009,-0.8123196858538085,2.434581255168835,11.294673747053851,11.134759520880227,-0.3593974271340877,-2.5163911549267484,-2.5316328777340784,-2.3001445112975634,-1.0226203598994055,normal
-11.663992542265689,11.8383442540746,9.195224057415912,11.561691964143808,-3.167413248145411,-9.464081861630746,-1.9132422947780863,1.213724571031868,-1.6907174844819133,2.4547302800087674,normal
-0.8567497809093704,-4.575529909851377,-2.55528801271361,2.3765414115222874,-5.465438133782475,14.73798782810201,3.2130761797257468,1.3226500790300388,-2.053779055594669,-3.0684400753812286,normal
8.99020520245967,14.91981771738328,-9.259471763156057,3.0249749717091334,-12.024319303087244,10.40346206687032,-6.572737071992121,0.542881987239259,1.1212353834850861,0.02966801879845411,normal
-0.20883504599736788,-8.838062403422475,-2.8051023976978016,0.015952000245541498,0.0480194014355193,-1.1163205745936797,1.3273110276306788,2.1717051586530864,-0.5315360377796539,1.390276989975683,normal
6.909415547237099,13.204683873555195,0.9642438695303878,0.11620987470727634,20.28177152661485,1.6861556832126585,-2.852240480138579,-1.8021467573494856,-0.07169370302343085,0.7910599459541586,normal
5.023363046362072,6.218172126234776,-3.550859225699205,-12.216000046566782,9.304365618543288,0.3589389657390254,1.3119030628048927,0.5842458073094762,0.2336163125875835,-0.284220903125901,normal
-2.7356382492702016,0.405639148973156,-4.94608785259546,-10.751656598411417,8.433453281974598,-0.16615137356067508,6.575199028731913,-0.5902690030230839,-0.42958585956344447,1.1258834889153133,normal
4.099341948493619,-8.447120143700925,-1.7196327304525296,0.8027013674028043,-0.2646056511889431,-1.3705846275708415,1.9976145513830144,-2.6074152259904277,-2.992929642233515,-3.754636951049981,normal
-6.322595364544025,6.901584734873447,-1.167432297381105,0.23476120659314964,18.975918947190195,0.57693404906128,4.327878945648186,-0.034009196260270005,-1.0922121256682924,0.18185974573213767,normal
12.859199862036185,0.9039224709974131,-1.3606911149637195,-2.5337322147997026,1.3550100597547892,0.41923408137775214,-8.313512139315199,5.019238215290194,3.553794126882402,0.48484804453919467,normal
-3.5377046994716213,-4.944810990099958,13.031106684965316,-2.7899278365129265,-5.78236488514085,-3.6262054494676077,2.194616310805027,-3.347100318484804,-4.154963265651212,-2.3525629849049374,normal
-5.243642011701962,0.3219544228733718,-3.2615179363488505,-10.689978921104872,8.493207009401875,-0.2532120025899756,8.188849178936602,0.6643465622355365,-0.7280978521660926,-0.7012957672329546,normal
-5.734589839939727,-10.51812274075952,-4.783013335424732,-2.3380019986210647,1.0130476356154705,-0.9060833341426228,-2.0341881330237452,2.852243047081316,-0.5712014337801061,-0.376218589908532,abnormal
-2.307135844050534,-7.026744016112287,-2.55285592869398,-1.1146632626431943,0.2456953876688361,-1.21423521463832,0.9571382433395292,0.9663296101975268,1.0995570644188608,1.1387176267677104,normal
-6.765285222511108,6.619809628990487,9.81984657192421,-15.403720461776357,3.1659537004990144,-3.1772603545155493,4.089197230889099,0.03923197617824663,-1.6377436197113362,-0.4784256149658445,normal
0.7508823444485486,-8.602008778232323,-2.2850380517218856,-0.3175659852601104,0.17925333250053768,-0.4376895256890098,1.0043132541996869,0.4889998758814159,-0.5999398059747533,2.5179161287887504,normal
-12.242598608449065,6.436498180816882,4.351636801327541,0.6171889980113175,-13.649246561113868,-10.204545650342427,2.4492294398858085,-7.0777533230439795,14.040999236238225,-0.4414312430278201,normal
-4.433239160570065,7.238407522157078,-0.8221049323739009,0.6069788882075687,18.60925513031782,1.7226269710393884,3.491988283208997,-0.5129599272897685,-1.2194128383926306,0.6624390648886224,normal
-6.097514810135552,9.02725396373063,5.692567366579753,0.08035350349422604,-12.842602716351823,-9.130375939226806,2.5542103534460856,1.261693214634036,-0.3268640445844101,1.1103688192396486,abnormal
2.5152192456392837,-8.698951193741586,-0.942809754828301,0.9948297200883524,-0.5135133756956592,-1.214059662359167,3.4286419750649233,1.9653546297329736,-0.2708441065030663,0.171542537501893,abnormal
0.5238946465010009,-5.817206297775761,-2.009756072874482,0.4477478111332466,0.6062169104063614,0.1521514355391495,-1.4185711354645176,2.6315865888462495,0.8952360797514355,-1.5901054517920477,normal
2.204087537645499,-6.378813501668277,-2.3044775703748526,-1.4787279017588932,0.7443062937160838,0.007440534108136366,-3.046659336107494,1.8021661350702514,0.16839138653421262,-0.9080849509454957,normal
-3.7596066731104694,-5.12615385006124,11.7772504517413,-3.6099340786016496,-5.103473470081002,-4.028991444110439,0.3367674338539343,-0.3580608629879162,-1.8930250289048458,1.7867978732695504,normal
1.573470392581091,-6.761762285314357,-3.1826882035066455,-0.5171625156346452,0.04845338365109069,-1.5006311203073703,1.823448340381242,3.9409983682426977,0.7708836386495502,2.1254445804966546,normal
-8.82070890737669,7.48385034026364,4.141984221144325,-0.5716065502354747,-13.464351899633776,-10.27653706955452,-0.531691994562382,-1.7466464218005775,-2.1195769777591895,0.2176006993497236,normal
9.827932802717633,7.095391587887025,-4.096203995211543,-12.332278996372576,9.006785692635704,0.3919134111134751,0.5727537524056534,-0.8152236446400541,0.2383485605884646,0.5745377338496287,normal
-5.910421432657169,6.321982817688411,11.144074429685592,-14.800695010651427,3.411275022940828,-2.157599519260598,6.510985521568521,-0.7928535394617916,-1.4385229634998022,0.9341230183087171,normal
6.192992314243548,5.252725565547524,13.205161180165005,-6.288747399365772,-3.0673505156928504,-2.2642188896105586,-11.664484917509755,1.4463531231621631,1.71404031156827,-1.0232093501104664,normal
1.9440996958631744,-5.03696342295962,-2.1844143509728955,1.5734559816102616,-5.344370771558314,15.24153423767522,2.4845580391407807,-4.929920253555841,-3.8371323862888542,0.2630145532177583,normal
-0.24972175137058503,-8.416230308848526,-1.6388150421162846,-0.5477934052864899,-0.07519958298061756,-1.0563150902537317,0.3417037779954304,0.6636542424525369,-1.039181892609507,0.17990182500677082,normal
12.796216503288303,-2.4572028783098583,0.28284332563733877,0.6976009388482906,0.4235567526895984,0.15365433492716318,-0.7283402456629704,-4.662071491852736,-0.957771105787972,2.335216039566404,abnormal
3.3405118097791733,-4.827405642036726,-3.0399872642998034,-2.1593737763174636,0.6589363742900187,0.6597164258128917,-3.8746625417965816,1.7429647514589497,0.6295130647253129,0.8787633440293259,normal
1.005072330259204,-6.854130640690856,-2.635507587388486,-0.5224100755404355,0.4197979549426511,-0.3209380023081237,-1.3856177389611246,1.4791455742982957,-0.1817381391537969,-1.5998441138078272,normal
-6.386244666096259,10.907891554667803,-10.818697310850819,-6.744003785203525,0.9636125135550829,-5.963611068647319,9.338532865327549,-0.4284069631813497,-1.8125122118936252,-2.4844555517055595,normal
11.49070436075373,-3.615582077844771,-1.0980832633936057,-1.079104833267287,0.6927998461689467,0.1010570431582653,-3.589099362416393,-1.2250310178711894,-0.42301459140337894,0.7745626378660542,normal
-5.714227436059265,3.1726778164749625,-9.775006405284017,3.4338663018664173,-8.57538035233347,-6.716500195553549,1.510751673209999,-0.7453051271469848,-1.2737030955100994,-0.5080876703414285,normal
0.9410854756103839,7.8666016378189125,1.1454551922890726,12.195508922619082,6.013164557168691,16.933636996283614,-5.906189225353511,-0.15084090250410565,-0.3721164935433396,1.4165157871719907,normal
-5.753139362335916,-2.694294543807558,1.7079455306411617,11.832448089695244,10.121181843702352,0.19230998625178303,0.44987095589757803,-0.45611102072110854,-2.2228460714584064,-0.582957276369216,normal
-2.8473991796652958,-4.928539768317344,-2.4056037136481687,1.8303076409218793,-5.565420878536694,16.087337457650158,3.31370690601066,1.4153512300499804,-0.5221237788178062,0.3913433400831663,normal
8.054106263331537,-5.459133592957007,-1.3852848427967823,-0.557889605086043,0.6548963556440228,-0.27004650781213363,-2.6054663802259634,-4.233696674763988,-2.1839426883157014,-0.6707017649382847,normal
1.0162640531201699,-6.647527720500303,-2.6055962172560863,-0.7804887908781588,1.5274449355715243,-1.2452091817397395,-0.5456743444516808,0.059474897102182116,-0.8889591828156412,-1.6968357683244422,normal
-5.922867981073943,5.091366976367518,-9.776567897866473,5.615045542568991,-13.508561959088476,9.762439786546867,4.737556695221391,1.2652352097938862,-1.4060284166097163,-0.8395556540986285,normal
1.3390369863257974,-7.363773466885534,-2.356051780359426,0.07449331753690884,0.023121664628795023,-1.019090185060678,0.7305995383985934,0.33366038835177686,-0.08884134246417297,2.0865309567037778,abnormal
-0.9608136906286933,2.0224758276323764,-4.43254185509169,-11.027209838566456,8.803642373902084,0.4393553478255959,4.3404989544660655,1.8944311473499122,0.078639492346982,-0.9148956153500202,normal
3.4909617642512574,-2.836444261501854,-3.051674843624378,-1.7049081239953432,0.9027933350131784,0.6481777063126042,-4.76335612452332,2.675325247130418,0.6330625735166314,-2.8388099969348652,normal
4.8805902174562235,-4.667981057699199,-3.161252710220916,-1.1623493313751077,0.24814612929581553,-0.0749788260484539,-2.969055493852722,1.7254467597875291,0.7424339235170717,2.516932892041037,normal
-4.40947474057694,7.053868972699494,10.796167367690824,-13.945190817741237,3.887978849487136,-2.1135286094488777,5.379458735149501,1.8350035891168204,-0.13817677604286932,2.174485549763242,normal
-0.6965559102217547,-8.139999073050284,-2.9933553793680034,-0.07130263180527417,-0.37018530507639524,-1.567675892763388,2.00501280077265,1.6183491230051497,-0.5584696202101893,1.1739764288149483,normal
-3.924462424904236,8.544271190621078,-9.90509625835329,5.264210624063884,-12.30764519860083,8.205204470902162,1.311165688069922,0.7791386976361794,-1.3465430896056492,-1.751525903734327,normal
0.36546931584604403,-2.9465282212984385,3.7725321786271198,13.506804039198885,9.378553740532109,-1.3491474530841983,3.165551810305748,-4.613434149493033,-5.023242691802872,-5.603398829765146,normal
-2.4118592773464664,-7.689584547731036,-2.466303495731122,-0.6262911576675574,1.672954489109095,-1.1556210841950996,0.7727054946196792,-0.0995959448000249,-1.336788776330765,-1.134468199852284,abnormal
-5.291616907788468,7.698038359218869,11.11393994109275,-14.650616300844524,3.950874678714125,-2.6137936232926613,4.3273419095223655,1.2712887645292046,-1.0882686184040173,0.7213024027326369,normal
-0.5739155996199076,-7.558340902978631,-2.5487153024558857,-1.3069772603440184,0.6860119137174976,-0.7189919039556794,0.43937818198044454,0.09536705236818348,-0.028727906756798986,1.9901649983372414,normal
-7.93068901109495,1.1852376863183656,1.3951288231477659,13.207898490202163,5.600007084299181,15.008786947531483,-0.5562931154756563,0.11653109198723814,-1.6817842101253189,-0.5281874838981901,normal
-8.647796327333134,-0.6914810539591701,12.421773971797728,-2.3603804443590235,-11.667482677054366,11.881170656148589,2.234899301075061,-0.321373475903417,-1.218333011311428,1.0785375291221238,normal
-8.97484314105104,2.854331630883789,15.189173459582905,6.361124501009644,5.788579337026616,-2.7915613986944883,-5.01867601472988,-0.06659350902414768,-1.2760183318471237,0.982392698082786,normal
-5.167415800746261,7.686384769523655,-0.030229465896920882,-0.278858080340123,19.507276239196717,0.6594726839011253,3.60894867270829,-0.6306195126520338,-1.6426474333637542,1.1123108546207274,normal
-1.6949816589572808,2.745052473029029,-9.239215677127156,4.728185417759188,-7.875578204677064,-7.898264643217192,2.7989998021108375,0.38732134184676154,-1.9307457785846713,-4.371466260713827,abnormal
-8.520582569459986,7.075760828398319,-5.684381088394884,16.561166705186203,1.9246812358891365,-6.3393128203498375,2.5722372108169234,-2.0419756537181093,-2.8674086959722267,1.1966518319614263,normal
-1.5706138550827868,-7.814756085015569,-2.805461081375423,0.3207541859871531,-0.5725438350484352,-0.9928287702115118,1.2767436896815167,0.8732679086742714,-0.9778981753032927,0.7312506615568922,normal
-10.901529359667178,5.058041217248666,5.824240007726097,1.0845673364530113,-13.467187234427575,-10.632394232475527,3.988742701919243,-4.901653751310389,14.778166042134487,-0.21931939367997383,normal
-6.6026530835059205,-10.916356501155093,-4.855923868856707,-2.3297019577387346,1.0357526348865984,-0.9322058728613671,-1.819398784675056,2.3247315309592596,-1.0115099087527604,-1.3964196365762116,abnormal
9.307753887991234,10.175947672521037,-3.013802113123139,-13.744555293329482,10.795768338442233,1.0590228077150727,-3.758682240432215,1.3691291973647413,1.586714538393292,-3.0877403380149655,normal
3.6965566798083596,4.3027615589307695,-5.5806139663654895,-12.367033693488988,8.668458260606782,0.15498198260685486,3.364825283828348,-2.6888182526692916,-1.2403561801186047,1.9688048925793777,normal
-2.5037089048938608,-8.849909997861763,-3.4929795484458217,-1.3143763137956153,0.3488306238899347,-0.9367093076781412,0.7467020959226489,0.2653256892402611,-0.5909535146386745,0.6719259252667726,abnormal
-8.522232686539125,-0.08940768637738868,11.383117165679415,-2.5405833587403466,-11.737991808458604,13.03717381772894,0.10485075133998163,0.15863123503836102,-1.7978263940099348,1.7881115647594261,abnormal
-1.785873840015852,-9.424147081710041,-2.23334709571861,0.3272445195333106,0.14115855951067216,0.6672258866735808,2.768347555225251,-1.2304744392197002,-1.7083323956724958,0.5429272172214247,normal
-6.725704332076122,2.431992485283113,-10.81213168881077,5.0317273745155235,-7.5548938369753715,-7.611667894914812,2.2330340423587978,0.5726530947052665,-0.33200915280062043,-0.33960945678986953,abnormal
-1.0064372842569225,-8.267879652169515,-2.586038390839692,-1.0620007668497127,0.4287691845939539,-0.34140535840068564,-0.7144613252218941,-0.03386199122576921,-1.306868934779464,-1.894568984034686,normal
3.3611556123884183,-1.3165137303107208,-3.688823791243267,-0.2949744445677115,-4.704204336946392,14.817999365989287,-2.0169450063691197,-1.6440638660783515,-1.08755097005849,2.0308266971184312,normal
7.460043065692267,9.970166764262212,3.1717115560095106,11.276080545176097,5.779353084849467,17.511737303160537,-8.63410364142574,0.23935830396090882,0.5361049014473889,-0.6593746612718554,normal
-8.289416570445837,-3.7088255456340327,13.057921867863753,-2.9977260025344754,-5.101338390210509,-3.554861619866,0.9918408828447833,-7.583173369290279,15.047051031022333,-1.2469281929945497,normal
3.1746105379711596,-3.2295420645512154,-2.691902422239454,-1.5753770783563525,1.4530061820870628,0.40966231511928536,-4.487253818283676,2.1126327400312275,0.8025134198355446,-0.5085221726100878,normal
-0.3264579964832011,-7.68117364964713,-0.9495740173581939,-0.05783172701323149,-0.3535801285535518,-0.6760337037607077,3.078437263529463,-3.589260054167558,17.55506908011099,-0.03723613271132405,abnormal
-1.3927286690022618,-6.67744714468079,-3.561051703240791,-1.0852419875867563,0.3130761485030641,-0.6210417886944168,-0.9615451153542943,3.4243349564065952,0.30439607500945887,-0.06283410951413848,normal
-5.541342214812007,-5.0114255122890965,-2.758696226906151,1.7262433672185,-5.233636398777078,15.623480517861829,5.463500453450324,-6.2555143155677575,14.315366566949342,-1.9022121054670207,normal
1.8903856532911345,-9.07634665134005,-1.4868948463984024,1.2025431496811594,-0.7369026044816444,-0.6896813084673327,4.677705555870177,2.4638691453013957,-0.8940327447593025,0.5336574663673018,normal
-6.833472678624198,10.425399254951136,-6.571564680234299,13.722931218634734,2.905810049141649,-5.686036741119146,-2.7169785499441157,0.9418369019651008,-0.9358618008484408,0.6495193156420983,normal
-1.6215915973738249,2.949708239979097,-4.665719325220358,-11.21198756611401,8.916312572070675,0.3829162232704441,4.576424360988598,0.779080695990494,-0.5279092930794174,-1.6785501891350005,normal
-8.501389978242889,5.440705981283803,10.122955814300761,-14.441313431587034,3.5354129575483335,-2.9963349479048342,5.813038275589905,-0.1100667934182698,-1.6254132981890386,0.3774106911962782,normal
-1.365424752053985,-8.633442811025594,-1.7315072018321682,-0.5547322167714795,0.10275127575226373,-1.3762869530259656,0.5798624465699455,2.859949997422596,1.1112724977720414,-1.3050104844405075,normal
-4.208657042485104,-5.193722857425114,13.33522819180246,-3.5710761072688713,-5.93338855249679,-4.503090766032205,1.723800363943275,-1.2861626697533541,-2.5981744456059044,1.0572707473393455,normal
12.030635739792967,-1.098763891082326,-2.2646524847850773,-2.345421609151664,1.297936189508431,-0.30898598423223883,-6.76950570165347,-0.9655829202061358,0.9440204375739214,3.1677043380341345,normal
-7.199976923284313,6.395945486105948,10.454698835497107,-15.28088500740931,2.7419801916995077,-3.6987231921763333,4.81866714027917,0.7403804958546346,-1.331625900054545,-0.27602411005042765,normal
-8.41851636630639,-4.219192911581771,11.44313556546975,-3.458581225055979,-5.936877352869866,-4.014745217351008,1.6693377237686597,-7.1472217038200165,15.595958721589195,-0.9911452872751108,normal
13.32875496867406,-3.074078580571606,-0.24934049558819904,0.6916590711256687,-0.044735708702979035,-0.12711345354151823,-1.6223365934130338,-1.5180804867750135,-1.1379106773756817,-6.658028771004486,normal
-5.5351919490730435,-4.186687243281853,12.017070817905621,-3.522673621732589,-4.755692275010592,-4.0506417991589405,-0.48377352225886455,-1.3082422743757276,-2.122232010842358,-1.4096511447710252,normal
1.8560584715119957,-6.700291399715831,-2.9764912917839585,-0.07126360809633137,-0.261439751270923,-1.774235184500583,-1.015735105449889,1.429791248186164,-0.9732240239948489,-4.813641605139272,normal
4.7634940113841395,1.7450929777834483,-1.4576424048903205,0.6787114417710107,-4.385132013033818,16.28569851508415,-5.088259356243069,1.8072812790519177,0.26311016747418076,-3.1947120297675817,normal
62.59794131925491,6.60405327687388,15.680519893883204,12.48016389208564,-4.345908042624535,-2.58266042750099,18.82500837880406,10.96693230210313,4.789916287072854,5.3223013693163095,abnormal
-2.910560669268573,-7.823590623689493,-3.7401947315702126,-1.3842172452527344,0.27941930133050624,0.24850815614404198,0.7953200260077667,0.7030657084650792,-0.4923689847728708,1.437306629443137,normal
12.328108609354528,-1.7220040144105346,-1.4135682197847068,-1.5004418609448313,1.1883591041426391,0.06362476848362383,-5.901808661146874,2.9010017068671665,1.994167855811338,0.5537191539800852,normal
3.3666719198675863,17.20557025670203,0.8843056398827763,1.1198823185772349,13.729365954594371,17.69702048248851,-1.8320084305180062,0.08231954279667716,0.3648009020283785,1.0902360204905583,normal
2.889126875992711,-0.41780201187322596,4.293762486461854,12.25985825938272,11.065170769008615,0.21581090520385057,0.34804414447541665,-7.358691074706374,-4.538450594069437,-0.9576241768260234,normal
-0.7426552098251638,-7.294966487613889,-1.747787776710211,-0.5853103685309993,0.41129286648497837,-1.4055044801952217,-0.30119464898130277,0.09134007788694692,-1.070874355177573,-2.3215687732832913,abnormal
-0.5924338390606325,2.645164714709388,-4.016458404479048,-11.528587066349989,9.530374596158369,0.6446192774620065,5.407474148437151,0.6244515787365794,-0.9135606620910522,-1.7489770255889614,normal
-1.4347745903390334,-8.44194761630504,-2.7316169885993444,-0.5364775050970253,0.7734649471014724,-1.0617427535364032,3.1336475667286208,-1.5205978051803677,0.020097658654530594,0.5083995146330461,abnormal
-4.908224322999195,-3.7227295116474695,12.211181426061998,-4.505668655358097,-5.179410584607151,-4.480400268477569,0.44331975827931,-1.439452012052392,-1.7630559266407924,-0.15922737296073894,normal
1.217933998463047,-7.318946074465218,-1.7118225258168527,-0.35759047311872066,0.40440949662174874,0.269733148401357,-0.5777032082228641,-0.05090273549087902,-0.13653903960633149,-0.3504566179675029,normal
-9.83728586123085,0.27332137951728763,11.536665195078408,-2.976733559817123,-11.276552897414991,12.970336478078593,0.35555372339386454,0.3670990681461241,-0.9507993779731796,0.2437273734562783,normal
-6.232857167656928,-5.0576494319729814,-1.7437537728579744,2.6472775330480847,-6.192615347971137,15.374205952664251,5.193610426705096,-5.460709661089166,15.990888886081537,-3.3444134664848444,normal
1.3775884076885474,-8.193683347228466,-2.674297696405412,-0.8199356511142918,0.7176953439816199,-0.9659983297583871,0.3995522074700836,0.6504232615179479,-0.31948207314951244,1.6340486953713445,abnormal
-1.8500009868171694,6.958849432679259,0.01964721507112981,0.7094514130552285,18.634266708492802,0.31350016047647056,6.7540465187490755,1.020303433729791,-0.7979299899933849,1.2908270341656913,abnormal
1.0968393683623576,-8.544542445229128,-2.155030388900626,0.004945899061944602,0.4287764366923052,-0.8286715757879514,1.4330525123909674,0.7098445862344633,0.2999442242188505,3.949019108404804,normal
-8.848926470268115,-3.6983542032565495,12.090270113929234,-2.683921906068623,-6.044709430948629,-3.35857480644288,2.584516607020004,-5.583266689758687,13.971725594879358,-1.2645008210914064,normal
-7.881975855661258,8.309940164136577,-6.1739634727253065,13.992182456320755,2.2637023218844727,-6.385215061064242,-0.5912985732341002,1.0614502497522385,-1.2977890182937055,0.2847012989283798,normal
1.5180688064396222,-7.4224414138384205,-1.634713317784661,0.9759071918516622,0.85730847607945,-0.9083879870384207,0.1344539463738522,1.921142873921272,-0.7549638905844603,-2.2086887693268555,normal
-11.447147055625113,15.96565502953607,-7.999879186629074,5.271309767587219,9.86793056177716,-5.362612659441455,9.727774756305683,-1.1980636643425826,-2.981437281547344,0.4719132115066062,normal
-1.067668589652864,-2.839620685664749,13.897443995957454,-2.0005359638299263,-5.201504075479113,-5.038862656672011,1.3978938067721958,-0.22328739270521236,-2.879154736828293,-6.290024252652,normal
1.0814063450417521,-8.080127513167046,-2.116968583309227,-1.325844419280445,0.341182432509783,-0.9643499057625939,-1.0580499334541098,0.5413287751743073,-0.39382222269430284,0.9687657275464006,normal
1.3180797160537556,-8.399883218556425,-2.0295088183493397,-0.1518613303703926,0.21342119853562763,-0.36098439850754294,0.5457512876726796,0.2812766241647075,-1.1953038430142215,-0.11789034195667843,normal
3.1194427706756604,3.64218834027016,1.721249744909841,9.981053574885893,11.585966010841409,1.1500610035089232,-10.04501342580589,2.62532567425443,1.7150129813315218,0.9779804559115657,normal
-2.0428497107611987,-3.224400175851074,-2.034609777096146,0.4206825959823116,-5.091521764737781,15.061642632653324,0.7732110754434007,1.4467341868096324,0.37638909295783635,-0.8226130080059951,normal
-1.561756857684299,-9.097872058595526,-1.5046273282884646,-0.04607351405584003,-0.1518288894250034,-1.6721131226190977,1.5450556970822877,-1.4006048437176595,-1.4790232065813245,-3.727084962843053,normal
-13.04444170775923,12.419764359748187,9.32523508918247,12.54421312653466,-3.052532676853244,-9.15474557745201,-0.7669691075661527,-1.10111312386564,-1.3850491985382702,0.9182838729414199,normal
1.648391608591386,-7.948577979856211,-1.0395811793696652,-0.33661899086342795,-0.3520379647491126,-0.9923120667742626,0.43661782744769084,-0.8978198193482544,-1.8257385067896146,-0.0977510021532307,normal
-0.5262010630129513,-7.21467868870105,-3.8217307821333324,-0.4706536234837812,0.6316920937244463,-1.3974916510222666,-1.4927065489522409,-2.1805572743455737,-1.1094658227711858,1.8290974213794875,normal
0.005396324378138885,-7.602957161968121,-1.6497185236284042,-0.6566466543897594,-0.3164223215817644,-0.44244322903805905,1.1154329327749415,-2.496167852658346,-1.8186204612695167,2.325223269960257,normal
-1.4516539976315472,26.638285498391653,3.8437221970562803,-9.805896515127843,-10.397765899119216,6.620102362910469,1.056769981861856,0.7860208206719835,-0.6804376108592206,-1.4302989597026474,normal
-4.788950259314291,11.247706543290091,3.9579080503246966,-0.8094519398401623,-12.531608283852822,-10.013481720986134,-4.799557283059209,-0.40320156456802375,-1.2956909424587537,-1.1936186418972237,normal
-5.147272778004012,6.1266797375663655,10.895954601829699,-15.309390329279676,2.869642651608697,-2.5378170938774547,6.180951251840074,-2.3113105548683297,-2.1149970405002874,-0.11820238488296464,normal
-10.226628022078621,-4.710784335856906,11.228359926597703,-4.575274932894898,-5.091505728658573,-3.6624412360436644,1.2747070229192952,-4.627722727710965,15.418956115587736,-0.8665927669338607,normal
10.343384826312796,7.3188864187794715,-3.929610637289165,-11.533132579828575,8.312832404877762,1.394710293408204,2.694404755676011,-0.8806046770628804,0.04974428636608186,0.8636855957729556,normal
-5.887370846745979,-4.535357575086741,12.805231077300688,-2.8891350112936385,-5.596745574549103,-4.085594956514814,2.4696180588112413,1.8727255564422334,-1.663566001723965,-1.4928883607664782,normal
-8.122809749134536,18.115632648353703,-7.683425249009949,4.806715387396874,11.370262323415398,-5.482950894410261,4.959297469927145,0.761923845884217,-1.5458212803186533,-0.7820960238570293,normal
-1.1004586599822337,-8.592679386482454,-1.4167413036063388,0.3099304727452701,-0.6051122007926358,-1.4951072933185807,2.538739523631872,1.3462852847481597,-0.2688091608670242,2.802559969850533,normal
-2.091111300109481,-3.45375702533489,1.9335711294810431,12.409772821649254,10.421774317003983,0.3689286647248489,0.2355669779745876,-1.0516238256946986,-2.8181821025322282,-3.7811077714894696,normal
11.895103371998827,1.0652636997085885,-3.19788212881454,-3.6611511716772287,1.6402708091829805,0.36629082441500244,-11.599431342940752,0.9325880923925444,2.1262851670759404,-0.8531719277321275,normal
-0.7302638030110634,-8.589758092992845,-2.03261860471572,0.3485416296029222,0.13484845507023244,-0.6613366133468718,1.6699543694599461,1.2055044546732772,-0.39354523495817645,-0.42753578457639424,normal
13.812680033203495,0.07507188822930738,-2.2304464899527887,-2.9282765746373745,1.9419985025506805,0.5331301261071927,-10.654347033359013,-1.7775199851304897,0.9288587977773948,-0.3507257241046052,normal
5.8784973568185,-8.156826475478612,-1.4222184141185124,0.38721261374662896,-0.018220202326434044,-0.5450612528174832,2.45708354248929,-0.9629770380474819,-1.5752589334055762,1.958147686140932,normal
-0.9820540245379469,-8.405975928154286,-1.6654459574817169,-0.4281876657869321,-0.09977892914494776,-0.3786515991253242,1.13121187392329,0.00870536097541058,-1.5434331876564764,-0.6974168461693157,normal
-8.16438002260947,2.740931645775457,16.5754402289954,7.792290107538071,4.835016914475064,-3.2230659183376744,-2.8684342922503445,2.5421905855965528,-0.5280783413358098,2.376821955418768,normal
2.0024400895271195,-8.934663173542182,-2.3116470170235557,-0.11885984071479569,0.20718317403422928,-0.5584182207052484,0.9293389968731186,-3.8830500693555012,-2.6595978297734293,2.163654876770435,normal
-10.464935818116146,5.976092357917583,-1.6588017715009762,-0.2479507520271387,19.387159418990063,0.11553387461692535,6.313058524938057,-1.3291755246150998,-1.3153264209452113,1.3052549868434506,normal
7.911098926186078,14.263149869743803,-8.805037454410334,3.090958035961878,-11.339300588794057,9.805648326986322,-6.907843941617578,1.9681677131652686,1.2978383379061207,-2.5589922883220053,normal
-6.429395255166174,-3.980026102903637,10.391354489163785,-4.6464584597867615,-5.034175432669437,-3.704577027678897,-2.358409998972767,0.9701275859781114,0.30018571297963437,1.9571050700410246,normal
1.0910354055552975,5.100673620909675,-9.298724245058143,2.4730186623774815,-7.196709736832363,-6.262042207324006,-2.5185454330156944,-0.40991563595166586,-0.799290848128257,-0.7816565130179359,normal
1.4213043341482325,2.7806460013403407,0.9642717476499982,8.083299979772285,11.728332896284781,0.5433112091831334,-9.100802138650067,2.0894642440542452,1.17040195893486,-0.3302368917066751,normal
-9.564390975996975,4.878511505892897,11.310333711171047,-14.410964164872038,2.391807271813159,-2.23264265855367,10.653761113719735,-6.45218654127557,14.620547697153802,-1.544958167036216,normal
-2.354023926039902,0.49729550256719257,-2.6129460268726867,-9.52506182024799,8.401806950228984,-0.5047117961213856,9.91546281307178,-0.735336524820468,-1.030689161158522,-0.8304695226418757,normal
-5.214545409112415,0.027696421882674196,-3.0408300949257208,-11.287272814946677,8.58590107658335,-0.37723247076424565,10.46184912607115,-8.499966161594468,13.993443508325475,-2.5527328549648223,normal
9.150494557371594,5.384309106544837,-2.3152793000407716,-1.7873230977039642,-3.891104392174853,16.703493006099198,-9.27798335317098,3.806821399403162,2.647165389661282,-1.7212312959053633,normal
4.025880349425315,4.382860259935355,-4.867054322847829,-12.362448736947945,8.866695062055163,0.37242923307635767,3.133235183577884,-2.4681127476708515,-1.0360356467967504,1.604543687315298,normal
3.5822152717699636,3.3876136009013416,12.534626041839344,-6.388144680487269,-3.684893685603301,-2.065473710361218,-10.19389133780827,0.7797866120557456,0.8771436534182213,-0.9983417534118475,normal
8.03386014415802,-6.829343059940223,-0.8744178517274453,1.5304288121766423,-0.03066850876869166,-1.4345377125022307,2.5599136019009747,-0.24098431155963448,-1.2650172928509478,0.6997192245782858,normal
1.450410686594631,-0.014952547216753468,14.01722812438022,-2.580807572472084,-5.9090753342378175,-4.586292030055926,-1.552459087344315,6.4254111729503265,1.4806116800009694,2.3280447605748553,normal
-6.938104416732058,5.846825562384362,-10.184049351011618,6.394469144539596,-13.160179532401141,8.444669030103851,3.4334255557268665,0.9382204774306896,-0.9754033255392088,-0.29034193556608745,abnormal
1.926541164560008,-8.243607595654614,-2.3032061746318795,-0.4750130720064411,-0.22016228617583486,-1.2988925379762766,0.7852296194604164,0.5615123575896739,-1.0802141421060698,0.8979762408554322,normal
-4.213753663169146,1.3704157996747415,-4.601627999463602,-11.846339039129164,8.800293874198006,-0.08119169196076757,5.130881459824515,1.1263437765594235,-1.0281999191211872,-2.4442998881331985,normal
-11.209791859253164,2.149557757524727,15.04911504083793,7.662250788810018,5.470027746410953,-2.832482011291369,-2.8708773602323987,-0.12568052320017037,-0.5283594084871162,1.2788510058179794,normal
-0.6328845741334868,-7.553084055836657,-1.2172105643387245,-0.3245397780977204,-0.11189976719723456,-0.6325811084682577,2.322640995214291,0.8119127601142482,-0.33031612322287723,-0.5913857413105168,abnormal
-9.9085451051885,8.281401293472417,-6.8382718651950904,14.096106787426313,2.783883689933848,-6.911719522926065,-1.056102302755515,0.150022961958489,-0.6781065625897545,1.1317266214402535,normal
-5.714572332232836,8.887025049053051,5.083645516264498,0.9915253019781333,-12.889653186801423,-10.85701699082048,-0.0592657090524597,-1.9406437023636427,-2.486884266043351,0.03718515238600735,normal
-0.6109963427267197,-5.985514374158348,-3.64634263498517,-2.260449427038994,0.11989416481619708,-0.9271109476906793,-3.251690931475869,0.8861025559514694,-0.09877739579604311,-1.0560712834126391,normal
-0.9200099694495826,15.258298419685492,-11.61276835573294,-7.788859627891255,0.3900068230656337,-4.521412962793046,4.303805412756918,0.7845345633914621,-0.529107929543078,-0.379082545307527,normal
3.586783492217646,-3.646982538440053,-2.6537794673634014,-2.3845773848848637,1.6043352779983904,-0.45256160889833236,-5.371001954042395,0.04359942309578472,0.3301869388738033,1.4440288087001951,normal
0.27673763596057416,-8.816961684301615,-2.178748081028877,-0.6746713510544923,-0.0841410395970145,-0.9360461341243537,0.6364575236396058,-1.3080944024327061,-0.9051440002024289,1.4999450736119209,normal
2.543362943758757,4.11580580251246,-3.906997190101814,-11.564498271776186,8.335070526817914,0.6249586261273309,4.225599845549135,0.3490468422686102,-0.409098730511603,-0.6311119736581062,normal
-6.118689746641185,-4.544123468248708,12.632947488749615,-3.707626484413269,-4.77978639399907,-4.385519629945395,-0.8038054476659541,-1.5980063803058129,-1.6457972586522194,0.4280568414308219,normal
-1.0111948238875992,3.069784871964867,-3.2255545723050423,-11.147787725220729,9.264987253786272,0.38734458201139726,5.1197919480989595,1.8875562405546173,-0.5413387830704347,-1.3588666507710323,normal
1.2224262048501429,-8.926789307081826,-2.30984541503583,0.4494830010625712,0.2909215952289357,-0.9949044505536393,2.1628200535039523,-0.9252552777937256,-1.9670615328737784,0.24910295988891012,normal
-3.3889734273660537,-7.971370364284963,-2.9570535683862036,-0.8320957902697238,-0.46872630661551545,-1.1926641897635109,-0.11309722720734659,-0.4028546613024921,0.2810221558410876,0.7179582379845874,normal
-3.1163477861796594,-4.830933726148315,-1.7330702690544733,0.9063066070901682,-5.45350874174733,14.980189010790546,1.8899595921294419,-1.0279204475646437,-1.6424286648360515,-0.3786377445258567,normal
2.3429247523360854,-7.055304665716928,-2.6802990008566456,-0.5444366807438383,0.6170488454872995,-1.290853753364008,-0.48326005501854624,-2.6428825596910768,-1.998337755463043,-1.08781994266169,normal
4.549239585851427,-3.8408840904778154,-1.4353468936355593,-2.5391881881224156,1.0217349067264725,-0.750077995356738,-3.6134311191132475,-0.1778217681723348,-0.5661154531989799,-1.3842241450135915,normal
-11.72743521370122,8.266543088956288,9.58080093604635,-13.379908982720348,-2.443492019918561,13.04478000800926,9.092763179889438,-0.430244489740088,-3.2555953815391288,1.3503197908737763,abnormal
-1.1404226690643195,-8.946552659440835,-3.5487165739915585,-0.8385768141819868,0.14742526011981272,-0.3571597278101207,0.7031907191824432,-1.3622666162066748,-1.2859949591708841,3.5961597269278545,normal
2.3603486248976977,11.352982460390773,11.045542511825554,-15.941749407252251,4.473914660649862,-1.8466311510103366,-0.5167446902874308,1.2795176513478348,0.2910138082197324,-0.44134712892869543,normal
-1.2820106974770646,-7.885854302547822,-2.5451374842343095,-1.030713038146374,0.5428283147345079,-0.7320333581392324,-0.9625246541091064,1.1359289122991678,0.46730299054022234,-0.8491094194938669,normal
-3.9249874649287526,15.92889355968603,-5.85592206331433,16.43309807110727,-2.82612587645082,10.331390267891742,-3.088739201990304,0.13393045962404038,-1.1443704826248786,1.3669340965475827,normal
8.547247650293297,11.59862054624511,-9.284834318000001,1.8201026311631143,-5.915032818755465,-6.113241217331111,-10.307033955854111,1.744314483072041,2.0612700237210912,-0.12164452055742678,normal
7.054059016400653,-6.66751129246067,-0.6512093266879574,0.9179762512284843,-0.483102258735251,-0.9242877538317773,2.4987349412311124,0.6111823552451607,-0.5589072306266097,-0.3926880735539322,abnormal
-6.447511312655681,-4.027795759505768,12.577747078849725,-4.4029564570545645,-5.520757117344305,-4.409016026255555,-0.7327342548873749,-0.13133873773625193,-1.4208107193403126,-0.7544210178821045,normal
-5.393823910644764,-10.04769913708281,-4.910446361428779,-2.550068982942983,1.1713396161673537,-0.8133916071820403,-2.928463581555584,2.70642091006272,-0.41871033353197096,-0.5780887967642413,abnormal
10.99865979295212,0.21429363252826364,-1.9802394513237627,-2.1747888102367248,2.1212658643179974,0.7123113836819752,-8.93313181505978,3.0830863357741216,2.4204288677145014,-2.5068889120627422,normal
-4.8294274987989905,8.070625175999366,-9.528470507564606,4.112175817339754,-12.343551440015974,10.036388593417517,0.20279850517358428,1.4810165696535995,-0.8406127657315403,-0.5236578881565768,normal
-0.47299770546951925,4.022013297915712,-10.199420878125554,2.730584438492283,-7.354669789654199,-6.996856108079178,-0.26361422961026376,-2.3832982156968545,-1.3937844936951582,0.1085693302501793,normal
0.15344395778833145,-6.368283087246702,-1.5404266578999513,0.16028506596037134,0.018392213709742387,-1.5021764845216983,-0.5606768567020238,-0.5779076016819376,-0.9697907295642937,-2.625472485426873,abnormal
-4.162285610733889,3.5327738362183516,-9.98864745950461,4.380751344678996,-7.85456507777342,-6.658974431334629,2.1227590039804918,-0.34636688584028813,-2.0013808427282447,-1.858320540829183,normal
3.7234786830130697,-8.955293380968289,-0.1396799470272335,2.723535701410014,-0.13045904396097718,-2.1943636304684517,6.493903958777095,-1.941059386229593,-2.1746554343371076,-4.497005030268907,abnormal
18.789002945448097,9.384027976983974,-3.735846825222105,-11.96790913084759,8.345133244935294,0.8137764677497811,1.3157576476533048,-13.6619093974627,-3.372877686309404,9.657021390971185,normal
1.1654082144918543,-8.16832723059065,-2.352996959232003,-0.5039740913604364,0.6263648864505824,-1.1692785978347309,-0.1647052547564406,0.9665342477440377,-0.9653149865143199,-2.4090237666140952,normal
8.373849362824293,-1.1483473784400908,-3.646423789245612,-3.1261543155533276,1.3759211487879555,-0.07439579097478503,-8.90793079773382,-1.0384182400996231,1.1591162607570185,2.419316562079184,normal
-4.097167987323463,3.974416949609571,-9.504774326290997,2.839814042339842,-7.8775543729416295,-7.0315326245521685,-0.06356823335103601,0.97556938805743,-0.881394848596599,-1.5317174766149029,normal
-9.284606011984145,7.63958913319754,-6.035121416979491,16.627763873675335,1.7031540532874663,-5.285935711044125,5.809114265263189,-8.701226640838035,13.770645969702175,1.306311837929291,normal
-0.3998781242124266,16.281807596866617,-10.388101137383801,-7.179684807514177,1.2142824663263818,-5.261566240549444,3.8072244821321695,1.3315761563124298,-0.4218923659020524,-1.4747285872808022,normal
2.525995142052771,3.7317088167839985,-9.26800348015864,5.170447936364649,-9.316680239251474,-7.397843663982722,3.6410327644880236,0.17151313063606222,-1.8561702315919095,0.21198393489968181,normal
11.125349618925368,1.2754810506087078,-2.564051244138044,-3.5344405686774403,1.0434954913701922,0.3435176302341677,-12.255553997297811,0.44447370179627854,2.174055398040354,0.29886813314696564,normal
6.955736706114221,-4.940680662825373,-2.3892814172871297,-0.3381888717206436,-0.19497849488456706,-0.1495767878887471,0.7979518278972364,-1.759979477957874,0.6048947612959779,6.984577317697875,abnormal
0.23367533628430884,-8.49563978407537,-1.5214712251663187,0.6951433774187965,0.1837602090678542,-1.4426669019844083,2.492347853176929,-2.3275370745390944,-1.7386544193262723,-2.4331852333678756,abnormal
-5.454440296911233,8.404031521694048,5.22672046294506,-0.42404960367619543,-13.35218439836494,-10.074782559405119,-1.7726102431005941,0.4027597908472234,-1.2901586780439223,1.3213161887925244,normal
7.411402261868126,20.02867144491011,-11.094693140964715,-8.308825870262972,1.1015562784023811,-4.4898741139788605,-0.7425580374904375,1.7931373911882813,0.9517885358834333,-4.490246933705068,normal
8.929755446680165,19.725842414031053,-10.635779102399754,-8.238926106997557,1.3875670656665127,-5.0324644777961645,0.42462201064305743,-0.22948985695637097,0.4987409209081639,-1.694671970322021,normal
33.36537929758078,-2.5087338499714216,5.33777174854936,5.745951635096308,-1.00863770033535,-1.5299237984906657,9.064528957553966,-14.666255128161415,-5.232691112386371,7.22934449666011,abnormal
11.236789941045012,1.3228178414153393,-2.746950585629826,-3.5296757636895606,2.1647457552866625,0.7381183063117535,-10.150014800236258,2.915805701042248,2.6200021378673375,-1.6996369984904693,normal
-11.682586168868578,13.761586595928831,8.735731860884709,11.230237170575615,-3.146646935978489,-9.341847117183212,-3.1189401410454742,-1.3492796046427418,-2.404317880463946,2.032548990845557,normal
-3.954081311268807,8.22922738401539,-11.211533513834457,4.202184575323352,-12.612904039945183,8.404824770288107,0.00963624484542529,0.17060885083940358,-1.3149937576017579,0.47612471692090413,normal
-1.1603734247915662,12.776730124657632,4.3962233451084165,-1.6726161219549016,-12.63199940958846,-8.694188682743315,-8.14988860633789,1.6171061730434897,0.6067184178334879,-0.07665639538395877,normal
-7.643650842167397,6.7119481537487555,-0.6995637924818973,0.8318790757597756,19.030052590229584,0.8039007044133767,6.4463563766826955,0.4186298189333443,-0.1926439164246565,0.05430281666072727,normal
3.714779805595153,7.6637059199060795,12.508823011386056,-4.03005755760128,-9.074715800708697,12.594642253462235,-9.327349123828256,3.310138110889675,1.506915381893583,-1.7980107891251462,normal
15.755019941812975,3.1783787510763672,-0.5545178765494422,-2.0918407823009892,1.375238493092614,1.3122818689494546,-10.243730388496534,1.4009120305648843,3.465350733796119,-0.09363285457071012,abnormal
9.24898155914187,9.455986310801299,-8.04730662472492,2.756970561001775,-8.224690871347088,-5.660251105356131,-3.8364324604732793,-0.6168530351193886,-0.2755734193533061,-0.7073260845593249,normal
-9.695564725578008,9.247206004851822,10.301219255739401,-13.384573680032302,-2.0292497526637856,13.531484697375104,6.7491158303472,1.2562072123061878,-1.8409507816895156,-0.2609494249279481,normal
5.7925977900013965,6.781908043894082,-3.007136287270549,-12.809631188396274,9.431275978271122,0.8795528055296704,0.08078400720720205,0.7054539054663679,0.4114166543701519,-2.28025740127227,normal
13.916660952272686,-0.7550503266883445,-0.9496421715675967,-1.224804474644197,0.9772673085763545,0.21524704705685827,-7.04425599696399,0.5543198076245948,0.5090217886549536,-7.405601340217872,normal
8.138639140578633,5.141314271354216,-2.5289569825220153,-2.2468786845807234,-4.2095235839625476,16.3953381443941,-8.793111735363915,2.1580320088093474,1.9050552828717058,-1.342012315516286,normal
-6.551855775102435,27.204626893628028,8.04042298131417,0.0032761425244935373,4.929086736363345,-7.141072589273589,0.7676649505140024,0.13971877459343943,-1.0476499507043275,0.9987324454215921,normal
14.71831849916544,-2.9209161655756115,0.08241039511522423,0.2129773423793457,0.13390865621386341,-0.29223624902246165,-1.765440693658455,-4.1573394358020455,-2.0717073037611544,-6.563543393185543,normal
-8.922885366477221,8.938601807032777,-6.2462284670130375,14.979575567475806,2.7009366033543216,-6.099992519945782,-1.072090354890921,1.3036668920259256,-1.24786977625621,1.2758188095712806,normal
11.609882925387579,1.4647683211777323,-1.4237575117655066,-2.7481642456228963,1.6398175091838998,0.6888607325015957,-10.25030225152688,3.0780620182902094,2.6868719378459387,-0.6088303154419117,normal
1.255008568217985,-8.691208332939414,-2.8447359170679216,-0.3228335999259768,0.38099040360170644,-0.9519841379695907,1.65291743628524,1.0768159654716276,0.24665595619691044,4.699449386458434,abnormal
-1.4488510193031845,-4.060230263042371,13.021956822815632,-3.37536715597032,-5.823482832104642,-3.743240486476975,0.04650532470925033,-0.6712028964578282,-2.3427347949662445,-1.0872605311091692,normal
-1.1346075453849533,2.4425856645605055,-5.14407253509755,-11.57045329173868,8.97139580825532,0.04143991347732368,7.143912611514986,3.7934898782631206,0.3764281211750414,-0.719412101261551,normal
3.586671788831054,-9.094661985897096,-0.7987589056726604,1.4172099094076844,0.11135366094871917,-0.8726559945774379,3.994488675105707,-3.9133690385059157,-3.393686619752713,-0.15903573061691872,normal
1.62765477883653,-9.234746037478471,-1.884053205297423,0.40964052278416785,-0.008067294137648307,-1.120233490220527,3.682159970416735,6.391902764455469,1.3787637653538256,3.150672992112856,abnormal
-5.515230367176422,-2.621589479531021,1.5084166686772975,11.760831941708982,10.23327004442956,0.7604537688196022,-1.0344241795782463,-0.40557506243975594,-0.23840898548947917,0.3828489808779384,normal
-0.9662249897904364,-2.2012100541002164,-1.939706073004677,-0.050283943000411196,-4.581309938392944,15.852985156171677,-1.635449408065758,0.21367071656995545,-0.8552613355440959,0.21539798635032073,normal
-2.0589573539479766,0.47545761065879094,12.457072519940954,-4.993324910852724,-4.841356414872614,-3.667695453030703,-5.842843443485587,1.4566529719245151,-0.22833684549680933,-0.8849853172481109,normal
2.713634447895946,-6.806177166497874,-1.974756645970767,-0.5653172474366304,0.6898017008241233,-0.21237917904313106,-0.7266730651617997,0.11137471553023877,-0.6603114041469621,-1.7262205511087296,normal
0.6602111257813829,-6.943450890745905,-2.8726593639717555,-0.35620157673048,-0.09093372891051524,-1.0594381493959237,-0.36930190740016455,0.8859853561358377,-0.3059622195572867,0.05024259911566281,abnormal
1.7125116584820614,7.150786992158388,-3.870003162687604,-9.679865928126187,3.1772573579997467,15.77010967545902,5.127043304536018,0.2258025763626332,-0.9790234630675579,-0.7706946633793048,normal
9.168513656413795,-0.93941088530158,-1.8436374108119773,-1.1271402978250236,2.73021117759602,-0.4169071241948847,-6.044994345596382,4.890057189519871,2.6718027702396525,0.5887474041902679,normal
9.350925127030838,-0.030898476515064024,-2.081398416628375,-2.932745019843557,1.5660153986343452,0.1534596590195424,-10.086099535803585,1.778673858245964,1.9819051802612928,-2.1756243170569363,normal
2.0822909203922135,-8.610111176406395,-2.1807049103262073,-0.44335287055817635,-0.051833329836215074,-1.3185485902736593,1.5673792220825715,-3.7040796724432243,-2.704330332293802,3.5470117797358416,normal
-9.847806553442686,11.636214335983338,-6.805459126629854,15.669140508311163,-2.9898634652108513,9.641321764168909,1.664380211652592,-0.9738598975194556,-2.099652499999814,2.0362391903757358,normal
3.506004535332431,-7.196226037937405,-2.1079303731946952,0.21585748595358867,0.5504810185644846,-1.2173469492706792,1.0600147821079071,-4.512819401474357,-1.671446169934404,2.1028282543437333,abnormal
-1.0775091499895393,-8.387655252875168,-2.2412373980339364,-0.6494751082351717,0.37009786675480993,0.12188872118926732,0.8902315954278918,0.4645460547466576,-0.17690010792196761,0.42501036599591646,normal
70.69150839575452,4.673684349322408,22.582018426580685,22.171028112977105,-6.700820518364597,-5.8702777098846655,38.9047477127841,46.59806164495651,17.2346254427307,6.3923316805900905,abnormal
7.005144120207845,2.6075579724548477,-3.6372328767208444,-0.7564370011052903,-4.955678232089422,16.723930828719713,-6.659441815857221,-0.507804859214353,0.5686276230336397,1.7958425400521356,normal
2.086644324908019,-8.694528994629023,-0.8652300162683132,0.6465267853190533,-0.5036478229908882,-1.0806608426370494,2.95359074233921,1.8506589967286908,-1.0573761237840638,0.6771466233007756,normal
-5.825158731357666,-10.796523398056857,-4.754682372788313,-2.136684647206178,0.9561021571657736,-0.9969254770145118,-1.4777136459722402,2.7062367951373014,-0.7064116775082814,-0.20650255323455816,abnormal
-4.883913104665345,6.555109037071772,9.843356706136234,-14.244227602412131,4.333330413138041,-2.6389338608196216,4.005739897572727,2.0220822433703898,-0.480278774960855,1.2496934691401909,normal
0.44695712224962786,-6.941081766340605,-3.5332927083016092,-1.4692064196870862,0.8274241202339863,-0.5635070289291467,-3.0961471524137854,-0.05393337538507135,-0.31058396341546746,-0.5708248220441988,normal
3.9461930852854166,-3.713636462729201,-2.4557516290729966,-2.109301160121675,0.8355134340824295,-0.3530032593460648,-5.559581334542023,1.5570359334034234,0.5339287193236688,-0.40291658011988557,normal
2.329242369204781,-5.115703111971611,-2.01808625484359,-1.8270654941323696,1.26421676213163,-0.43074775111102515,-2.7856055915115725,-0.07326315616888178,-0.763578509835802,-1.3260619090179617,normal
5.845502618742881,19.831199893553904,-10.117878249193513,-9.034528053246172,2.0772391802404915,-5.050606640386113,-0.5500726840355407,1.3604761407837296,1.0086321418256348,-2.4657980056986455,normal
-4.178674267210294,-4.8065848182378765,13.118307879657944,-3.317331779525138,-5.580546375209476,-3.9870913215178923,1.1143668793905168,2.663731011373909,-0.6020460448637458,1.6515537208116855,normal
-0.6124314186147248,4.294186877702458,-9.663393019623301,3.3435924976484106,-8.44513208724743,-7.818470109566683,-0.37569964651999715,-0.041413589728369934,-1.5709515920317407,-2.6408586939656593,normal
-10.348877573428744,-1.37211872812618,11.157421985243907,-1.6679383740962672,-10.826285817353236,11.957862457016619,3.6612156421509843,-7.08976744028771,12.627884168429157,-2.0988064107063362,normal
-11.322666412012925,10.846929961790439,3.8025400773677003,1.7892481521746935,-19.420181957802786,6.184169721126074,2.416106074475043,-1.6343027577325955,-1.3887111875657767,0.9359476608212304,normal
7.988701888514777,11.63114887996745,-8.847950042450982,2.602205443542831,-6.345981283340194,-5.9915185158231825,-7.371813332085577,-0.42884291913343336,0.6066790706171917,-1.7108382331537375,normal
-7.453304007917824,-3.6294300437462272,11.65369953556104,-4.6479173418878865,-4.351435717743546,-4.0036233550988065,-0.8886482007767018,-1.851834695943536,-1.934571223814437,0.4629239828018899,abnormal
37.9771689210208,11.21486720366533,-2.075846422334708,-2.9356004519832877,3.0886614146006126,2.753269169648578,-17.780614889254096,-21.663124842883903,3.3157805891632486,38.120290254058006,abnormal
-1.515428261075092,4.340865933892899,-10.325515915429378,3.8109962670420714,-7.955365153234863,-6.7463771790595475,-0.2730064170486067,1.371899104641707,-0.31284035242015057,-0.12194099939885156,normal
4.512872149176647,-6.907463527456907,-2.829391395768699,-1.594830377474404,0.8614130164228456,-0.23291997391489208,-2.329692295022164,-3.5303942729548163,-1.9127356988918542,1.5154918908302215,normal
15.514920957007597,0.3225605959175895,-3.573931475137261,-2.9482849734960466,0.8145822437451441,0.18024255444209064,-8.857933454883202,-8.55553691920522,-0.6132489366972237,9.701395695044523,normal
11.68617518736856,11.508049479644221,-8.680151495742852,2.054271914598034,-6.668910615201488,-5.995643722490092,-5.546171498809053,-0.9062933054040877,0.42847986713383207,1.2847212765822387,normal
-1.9663256589168916,1.6341591751603513,-4.757361857419886,-11.179279804380357,8.097717397956727,1.1547317643264958,7.363827540195134,-1.2916730045248603,-0.7035880171439638,1.0430405629297943,normal
-1.559186884607865,-6.481255737017929,-2.8915225371310176,-1.8003760275211576,0.5416381413673179,-0.5162178247983104,-0.2067849813799565,0.48020000859361156,-0.8684711067840377,-0.03779144332442763,normal
-3.5309929337741064,-4.463718792022798,-2.660849908929149,1.4681578033222726,-5.7198078866795665,16.02223915574677,2.5567812327122454,1.6626500749223696,-0.6686109531532416,-0.510334771440773,normal
5.2257766212319785,13.13213736991105,11.016460220417464,-16.126383942944983,4.624691969287823,-2.012615909434751,-4.280013624507672,0.5344358674745485,0.8256696729818424,-2.2713836022863085,normal
-14.97129965354699,20.7098272393153,6.335415588863967,1.697298530711146,4.412980553964976,-8.287284244027529,7.576669914730881,-1.0374750288849828,-3.006487969464995,1.376786231777039,normal
-5.153703056422085,2.7321908409286366,-10.193259624925027,2.685487777398557,-8.47058540840337,-6.722185956036765,3.2906806092564462,-0.2029231260938008,-0.9881879544637377,1.1617702776429677,normal
-3.5441152832268643,-8.119094282592233,-3.1218418381519424,-1.8433483192867954,1.1120495697433412,-1.0505533725476235,-1.0335138362616065,-1.5177864360036741,0.5722802307140168,0.42817248216492193,normal
-4.94530072420925,-3.2054164244524173,12.845197587457244,-3.160962608645665,-5.338485885585057,-3.503105046390817,-0.25159590844448226,-0.9262492107172726,-1.2199484716147113,-1.4040414997100286,normal
-5.908767382155818,-3.1741461191893503,1.4174761972592929,11.61762753037637,10.37888184700555,-1.028600642458034,-0.31308582454886236,0.6530746704127204,-1.478412166353595,0.003201944618330394,normal
-2.6590506572772354,12.142280469058583,-5.99073899630615,13.608122304111244,2.427729312496374,-6.1034951319714805,-4.557675471843965,0.9887863933345914,-0.515588085058446,-1.4325603405710965,normal
-6.093635450082227,8.059376370850172,10.850925967369715,-15.15186475160819,3.6174616707715095,-2.8672838504020493,4.179037109969494,1.4438970596672625,-0.6518381981931198,-1.2496591948767706,normal
-2.8681699267662224,1.2052771642389335,18.948902689156462,11.213283837348312,4.385460054839029,-3.645603761160723,2.612965181496903,1.1418642315601562,-3.137088778691698,-6.097904475015224,normal
-3.4653398613506075,-2.272074787663998,2.643473696881209,11.692995528801987,9.741646441833982,-0.7504812836084452,0.10981273033831296,-0.17121860174313597,-0.6937543751691454,-1.665218785004663,normal
-2.8655377172825482,-9.13820066483461,-2.8275397532835993,0.048385864877138286,0.734985890233396,-1.0196401545471807,1.1531954043804682,0.6654585312375293,-1.0284950499431191,0.3010487461258485,normal
16.711923736996926,-1.607109262301214,-0.03368976261076112,-0.6045066703760174,0.8804487928738418,-0.25476989066569783,-4.819768484721886,-6.701851910265124,-2.730047109026755,-3.8399320370455348,normal
-0.4480770099121945,-8.038056251576569,-1.7334229917498445,-0.37842387444392217,0.02707318629381224,-1.0502324885683192,-0.0665569097569807,0.5127095870608852,-1.2678517508042975,-2.066054156462969,normal
2.127616309468859,-8.622434390804413,-1.4269329978173546,-0.17580514783917203,0.21029886486194116,-1.1216672501513234,2.000172276906545,-2.500503377597585,-2.1596329334218054,2.3457421760107415,normal
-4.25830759641026,-1.5866243946634435,12.060210344310313,-5.367296924691801,-4.881000005934121,-3.682116929651795,-4.388844906075196,-0.07168142784151788,-0.7959325681611747,-0.3802848818288152,normal
1.7252108616732713,-8.661137233089114,0.18617688239708413,2.058218995236423,-0.4515624153890094,-2.1657344991982317,5.355976169535935,0.14298245913645533,-1.2498122655660369,-5.045640040133086,abnormal
11.035357861582167,-3.9940085884751575,0.20340185371683156,0.1396336431184272,0.5083269099849044,-0.3168872226327419,-2.1774496087306883,0.3140701797900181,-0.14583936651702745,-1.062460073841324,abnormal
-3.9782094155617744,-4.879276803344639,11.069583762642395,-3.2825686331820982,-6.3061383235226,-4.327040759369831,1.9394121061760763,-0.3244365846278599,-1.5821828089702679,4.595397327603783,normal
-5.4884892313684395,-0.19295102518327537,-3.7770756137109673,-10.22925554703846,8.039192596019003,0.3244555635342298,9.383242996543158,3.0816231686874054,-0.3505118334469858,-0.12402670895300971,abnormal
-9.981069735676527,10.924817839683147,5.606305912553573,2.4384474284792557,-19.73041164335427,5.326577612946607,2.275337817411756,1.0333525498851546,-1.5563243984441049,0.9699587561104732,normal
0.6498859508166872,15.685718502179643,-11.000589223967152,-6.361505781138668,1.4995223452630138,-5.495618792399431,6.181930228079128,3.7912635898251925,0.5884853408742632,0.6095809796731083,normal
-2.2106420880591,-2.613967422351933,-2.407179866779597,0.2898579638078022,-4.539966861895151,14.491543138892958,-0.6232165535232482,0.774303431793805,-0.6650535898377441,-0.4112957536015389,normal
-0.7793440683888335,-7.735332589647031,-1.6905170289378646,-0.49292470503805874,0.05411363310277605,-0.9146690786409082,-0.3117349563557394,-0.6918900674716062,-1.1211669056710816,-2.9891945228878862,normal
0.7272462485291518,-7.759913291887194,-3.220150076346665,-0.9830742471029176,0.3879259447094635,-0.6380060163452843,-1.2669132138642571,-0.5310006501108725,-0.409203691798145,1.0246257413832323,normal
-6.350704169848703,1.7009365636412224,11.00851369150851,-3.1900268479356266,-9.040179013214912,12.873246494106885,-3.505318713270888,1.7848495293769666,-0.6751908701606636,-0.025757236252739926,normal
-1.5607019881327462,-5.423743697939959,-2.134402347115089,1.5818008951398022,-4.836127832262998,14.46309818963584,3.4607010498550195,0.9495124695350401,-1.172564063441595,0.09099585474989101,normal
8.894332132658821,-2.5582314228314385,-0.5294833544423194,0.1130870086933696,0.09926831021748138,-0.63604481450303,-2.935132303625373,4.3335462157145646,1.5391073187941147,-1.8706119851203766,normal
0.576355688759586,-1.778888014705193,13.642967319747127,-2.5462988161559252,-5.972674915998391,-5.059801687771307,2.3319651886522936,6.108210219558402,1.2207687426878273,4.216661012156439,normal
1.455369826661125,-7.847232568477304,-0.6350665140091315,0.01566450368774242,-0.4344684467873574,-1.5400131503687824,1.4186037336673831,-0.16759199722138338,-1.649340344169507,-4.864129010030897,normal
-7.519996700268826,0.8907154701632851,16.43167163566068,8.768190883460292,4.475631106743632,-3.873605735033993,-0.31791854148199383,0.7197964020367328,-2.0621544097304163,1.7887111122957855,normal
-4.1714137688907105,-2.900402688497137,12.309875276584863,-2.7984718422399304,-4.727801015162342,-3.571084812597673,-1.3689131989319474,-0.5545842195788401,-1.2158441279819456,0.5540084495578719,normal
3.1047918696389885,-7.49680896438142,-2.295433128724545,-0.6487203408696249,0.07836962153594607,0.2893147574618325,-0.6205857842689021,-1.74698573254288,-0.8619872398467342,0.6072012651082499,normal
-13.028244377703057,4.345441807896276,14.589438346602984,9.75494006573583,-0.41827144047393805,12.593541071676077,-0.11681368984519823,-1.1303888477760133,-2.5174791970823884,1.1940160652026441,normal
2.3941608679523996,12.209960817322564,0.429697776455658,-1.0290372553054499,18.801397959042255,3.018551487059121,-0.6047801415364797,2.292276861774253,0.782884741749035,-1.2364120354319912,normal
6.833098948912362,-4.864583430098919,-2.528695994669194,-0.6483026700725546,-0.24920421538391213,0.19199739189770523,0.1099872292428827,-4.933449716878902,-0.6040052458719292,5.684932445736925,abnormal
4.108725353702641,-5.770988115108389,-3.456920807637695,-2.3300250999549768,1.26087836417203,-0.3518237644456984,-4.741685747432153,-1.456800182852892,-0.5718123621114242,1.4339063840687774,normal
-3.2967849421085256,-1.999437517491272,1.7320557497360642,10.826622587349947,10.675605874139336,-0.23683618346746302,-2.248179505517082,-0.4077182488464918,-1.1861466587903453,-2.5329067669747167,normal
10.968144615370134,9.582044393811486,-4.4733361454895,-13.358244005431734,9.780516322319425,1.0356260660773309,-3.305850592977952,0.49752699982460175,1.7337428433072162,-0.29093963531216577,normal
-6.203179198392061,8.962751287119358,-5.633328393283785,15.52519144127493,1.6698860405368936,-6.732754457087009,-0.1991110500843057,1.3146100587994158,-0.7500458829926602,3.141488963521164,normal
-6.406365840368901,18.762718460551458,-6.72594036154199,5.591252075058968,10.75976448186113,-5.732578503783007,6.258032745544184,1.4345228780157153,-1.2545504515316979,0.603655555565782,normal
12.44255740482195,1.8845746522585882,-2.833742180010532,-3.132633593121726,1.0394826856773574,1.633647183062191,-10.110054126910676,1.0769798483864301,2.073415218061417,-0.8135291155217814,normal
0.3747447194157073,-6.401290465152413,-2.635865860865292,-1.0811110661990626,1.0121860659896358,0.7830992992219618,-2.1790729737590184,1.7907525876280437,0.2231679558137692,2.1651780589884257,normal
-6.227350828104198,2.074499546491472,-10.300218409634532,4.9656089718263585,-8.491527653364175,-6.125916319890025,5.536046530202945,-7.761918491141497,13.500417452345836,0.9936771709393489,normal
1.9614412167672532,-8.379674134639421,-1.1968756030534127,0.07330165910766008,0.2141692162483529,-0.8284954863344833,1.8149200500641767,1.8920715441326688,-0.5360615096604217,0.6900073093165864,normal
4.147301706859253,-3.36017179374509,-1.6214627759822156,-2.9229708469950424,0.8762579460904523,0.6261938961096798,-4.769754981261451,1.8425991164557103,0.5559423120882154,-0.7674248451882151,normal
-1.4196354679289571,-7.342964627147514,-2.9496828272640303,-1.5092198696485382,1.100667630605781,0.48254536726749975,-1.743878819130182,1.0018005964366472,-0.5567486742550769,0.4498579306204869,normal
-1.9015444799151562,-7.734427838192252,-3.6551458647642328,-0.2667296626650388,0.391679062575148,-1.2256879962437848,0.7327221759535409,-0.4757091669769185,-0.3529786432396728,0.15616185566113197,normal
1.3847565323625906,-8.894732141309515,-1.6329182177561639,0.7888418191699692,0.4676253512004708,-0.9197654894811194,2.491116751885124,0.9979049396111369,-1.1931524922963361,-0.6484465143847463,normal
6.750081688218427,-2.0511618818448447,-2.665887530343885,-2.32337113388296,1.9510984461189766,1.0589893467676432,-7.367261386367556,2.4586695250664494,1.7024985999889963,-0.7951813284484899,normal
-13.764300591097115,13.1971090954767,8.129178328051049,11.256627415906085,-3.294557479227107,-10.107198328247213,-1.4171991414550182,-0.9571903001399841,-1.1343685515124429,4.209590702143138,normal
-4.440892797975903,-3.517166920525973,-3.3368788288767384,-0.2142231738264424,-5.203259971667956,15.787191905686344,1.5948749084944525,1.468636631066904,-0.8354224741505827,-0.2421453753926416,normal
-2.1952548479388754,4.161430852285688,-8.759703589851442,3.956626163309596,-8.319544232492454,-7.889322984946741,1.120190228321726,0.5353203373994361,-1.3616147193553687,-2.6135893597040827,normal
-3.6761354272497364,-9.031324457488353,-3.8344918763762763,-0.7780311797469359,1.1169096858159047,-0.8022103481958822,-1.4497360137143087,-0.9076196765791837,0.30311082730828,-0.3385620075336943,normal
-5.973664876608809,5.7443134452514375,11.145393346542125,-14.979717208264084,2.985238990074924,-3.437089602636493,6.9743574880599395,-0.9288240819576306,-1.8756215672574352,-0.3791093897499543,normal
-0.3962072359540987,3.045889436679744,-4.365741948814953,-11.459897493705368,8.568388977123016,0.6004771333315939,4.4310570406901295,0.4002280047634677,-0.6961794721062332,-0.531543498428021,normal
-0.04139725234848615,-7.4600024185798794,-2.484320252674352,0.11382529945787744,0.500952012956014,-0.48532449104592357,0.4957360791602016,-0.28366116315243883,0.29617947647059206,3.121410207929174,normal
2.5463027910569345,8.69583329024558,-2.394275527884598,-8.409506689353643,3.5928894614541025,16.550849261732488,6.687040672115406,-2.534098603944176,-2.709316666686227,-1.791253204372906,normal
0.26590085930075075,-7.9187890714986136,-0.7394342044404744,0.40156663302074563,0.1656982726984283,-1.358574999917683,2.6975233960034344,3.089636046476512,-0.1847592598687914,2.0170855651177457,normal
-2.8613653740395226,7.590317608632152,16.248149416651913,6.529802539016837,6.197793682541145,-2.912010651368545,-9.282221940795331,-0.9566836599512781,-0.9443774125584591,-0.3314633130140091,normal
-5.424643229059949,-10.584051117381534,-3.5305340355328614,-0.941888620704655,0.41039524636702845,-1.0020502013090895,1.4691006008027494,-4.863956942468549,18.445131932558322,-4.560481804251116,abnormal
3.0034862711319623,-1.4581825790188305,3.8741388861832675,13.484353846536875,8.880170269095306,-1.126392331362368,3.388491584574599,4.524198416483149,-0.3511600004807146,-3.578751485461199,normal
12.085158159024532,0.7893359741350767,-2.368360446911237,-3.0973771341426066,1.9115197944100373,0.3077754553890526,-9.958491496509033,1.728294015048893,2.0613536502820935,-2.7399258742280805,normal
-7.895986206932193,8.794491361217327,-6.313294104348422,14.651281770122942,2.374558902618873,-4.914259658830875,0.38720893161507275,-0.11485490374993064,-1.3573601487806681,0.9746845364233125,normal
-9.154333903222025,2.2730967740394505,15.715936334317266,5.549872969174292,5.469515710513461,-2.973082174216622,-6.149718416409166,0.6172904881525886,-1.123988296129613,0.18088126551342015,normal
-0.5937412049468751,-8.475109543818204,-3.457288846593383,-1.2547899204774213,0.3116011681535436,-0.48941217373312706,-0.5526078276028689,-0.507871934416106,-0.7415444102382447,2.9132412546309916,normal
-2.4206927968910303,-9.249266489952095,-2.689276245768725,0.5539499088692896,0.429100337880814,-1.7843847744175565,2.428397750012626,0.09334933233677692,-1.0165958326084643,-3.172615403763222,normal
-0.43319633764238485,-8.028405831449438,-2.2101573896472124,-0.3879769198388913,0.4374108492049882,-1.0712825498799605,2.200791422171196,-1.3790222500157945,-0.887929408758981,1.7196329722611883,abnormal
1.3599511850577854,-8.659927206499312,-1.8495359803715328,-0.7353817508141722,0.011044267434909131,-0.6944108033328905,0.22045713777270062,-0.9055423115782103,-1.8344723661708622,-2.173714007336806,normal
-12.783806927424582,14.86421968103095,2.3472146147245945,-9.798112025836375,-4.781245358391331,-9.509599681910773,8.228270761159067,-1.1633884011604836,-2.2480179398594684,-0.5793113694248074,normal
-1.0484262500861912,-10.090627644706917,-3.332438414580274,-0.39123597428982815,0.40684863996504284,-1.1754477862833905,1.6353750873821813,-0.33331560847488745,-0.9017475873553805,2.8961835977670494,abnormal
-5.011767452966406,-4.268551367043352,-3.521377336870154,1.0680650401710003,-5.293154717456632,15.749358901154185,1.3889192075674976,1.734970751435794,0.41307267177528234,-0.05269663429228925,abnormal
5.4937795463311305,-8.159544295690482,-0.6061464066893617,1.4417866573657572,-0.6749563087828562,-1.7131329760505287,5.127629600464773,-5.653325242057817,-2.5000011591544595,0.8944735913537408,abnormal
7.810076529771586,12.786350052395337,-8.409188398222206,1.6460342540974218,-6.197412753162757,-5.3453167958878725,-9.308226232820775,1.8014880015195167,1.7960999806072036,-1.388487008397221,normal
10.898324813319634,6.616773976281125,-4.846790884048397,-12.343399669536256,8.701124577493859,0.8392441748226608,1.996621529232291,-7.171042407914775,-1.4440760297240784,8.762556789812768,normal
-0.43855921804509584,18.176466811994484,-4.2326400365284895,14.986526016589078,-1.1743818288972174,10.04285170612153,-6.328230289691066,1.595903896237214,-0.030528750265038696,-0.8740110964513935,normal
-2.142808299323383,-4.116951501907771,-3.0471424892521166,0.013306067911352215,-5.149006277705078,16.134129597931928,-0.3439350010915801,-0.5110252172999576,-1.2336215170533422,1.048022145709778,normal
-6.360371797719444,2.808266519744489,-9.655614298030946,2.593687791162539,-6.261033575476524,-6.9473388666964455,1.1725101706490892,0.7245157538033087,-0.12340923175801517,0.5242517592346717,normal
-3.641745336253781,-8.643580127343766,-3.5997181177039654,-0.7189636260607258,-0.22382585125273213,-0.19675627274290464,-0.1406397291764261,0.4908550749415448,0.08672759914486909,0.27771094794693374,normal
13.10543833281152,0.7849622612272356,-2.1221129730971997,-2.7187912112540196,1.4321874602040006,0.9629784047488279,-10.02533852813846,0.5683972686476715,2.0637381756377433,0.5187697565521193,normal
1.0304476577338235,-7.719013598066761,-1.7413700921595805,0.015821057426937672,-0.0490322993937984,-1.2030433629846358,1.7612196120791896,3.9325753140642195,0.5940670160472274,0.5790989838013648,normal
2.4801032128356035,15.784234741649431,-11.41494859744458,-7.771459558524816,0.7743222643225641,-4.638981808370061,4.720658578459039,0.7825057285065606,0.032905816495407185,1.843312001573361,normal
14.194340474935382,-2.432202270647622,0.006994893207337114,-0.1035616626851172,0.47677729350344683,-0.12392521234651996,-3.154873788662851,1.7513856674906667,0.6185328574216511,-0.8219665551968777,normal
-2.3203372592371965,8.786900714961504,9.765348872218599,-14.961405063343832,4.420075381646055,-2.3394401627015555,0.4668143875638736,0.5398981379701315,-0.6972243589853948,-1.674761254305733,normal
16.370409657955932,-4.188014840679936,1.6876911196942508,1.7330577212049736,0.13088067053155247,-0.6741627707010387,1.5724948994347665,-4.847429485453072,-2.5298190839114483,0.401143337250093,abnormal
3.6514346220765646,-8.868792687886002,-0.8534322749577129,1.9983279964217326,-0.41931585193716364,-1.6638832299861404,4.744864613378943,-5.837374206052256,-3.0010823938894275,-4.187376039597144,abnormal
4.697954626720692,8.170614827971097,-9.121644980409432,2.9080159795463243,-6.877095254253883,-7.204665327261664,-2.7721536089379315,3.2328603412011776,1.1328984493357763,2.0567963010680774,normal
1.7418483165839895,-4.504388635993976,-2.9656917732555312,-1.6830815079063435,1.7167557285738408,-0.9935222730139477,-3.294208592388952,0.13625779179454062,-0.6128336924197337,-1.375911864034802,normal
-3.063655897081309,-8.215991224581222,-2.9261701869609675,-2.0886466168875772,1.4441024156624116,-1.0861288474358632,-0.022629618984106734,0.36782584815443176,-1.0219320826204246,-0.7697638186695098,normal
-0.5331207959230577,4.38431305637839,-9.909398504221548,3.067539229385883,-7.181770246376809,-6.999582021692725,-0.32974749700674894,-1.3877212984396257,-1.2786767282993696,-0.6516428256389238,normal
-1.692937879740483,-7.769144628227263,-2.1801566599110878,-0.2889639096386057,-0.2453056289864801,-0.7060664286968608,1.3843457211191241,3.9291828160678945,0.7754654675193177,-0.2654791232795867,normal
5.971743617294127,14.516532315111316,-9.463110663011497,3.5000834746738176,-12.500826186837136,10.419058732901446,-7.9709032350973565,1.861836519476478,1.388353322636389,-1.1853950096394326,normal
-5.507555532089827,24.232934452207502,4.225054580892791,-9.31385017874901,-10.064437052674014,8.20186281766693,3.74267268296657,-1.0366255941671865,-1.8488754357674098,1.0542872594902075,normal
-9.465151261354535,2.573664367737231,15.633963649585757,7.717769446703157,4.00825530214112,-2.949351001904711,-3.484901558075325,-0.18785002945423765,-1.9395852210871403,0.6692872073264404,normal
-1.7167344738375048,-9.753165710804241,-2.2283296596120246,0.38242057031237864,-0.034662983547353435,-0.9342699136014113,4.482984582422563,-8.141072617354373,14.539743987278122,-2.5987004771325326,abnormal
12.309936699501456,-2.2593299497676,-0.6159826685963463,-0.9841526209150628,1.0585668257676077,-0.542559498228708,-3.8481054406004476,6.019689546622428,2.8023254413668988,-0.006078468692111972,normal
-0.4960970436036015,-3.173937774832349,13.263936235330895,-3.1799792683875285,-5.799773139684372,-3.58182499184309,1.213420947722383,2.262262040486603,-1.1731046114145456,0.056281011224539115,normal
-0.5784519666010436,10.378515623669573,11.282524543147044,-16.101311323619267,4.775720588473882,-1.4984397693177858,-1.21531751983434,0.8033253821872226,0.11680336673674345,-0.7999477090343464,normal
-10.197096840799205,14.23505468767216,8.575427453808338,11.579054190147229,-3.064737406035445,-8.95433841828991,-3.7791429649889063,-0.6843808913138872,-2.207016346924061,0.4343299653657706,normal
4.276493949622372,-8.854445945996902,0.6241964863177387,4.212901104652907,-1.1576895398734224,-2.4243680482087586,7.852924906406375,0.4234676299962677,-1.0812408654788586,-7.015644093880428,abnormal
-10.191152718924496,29.08080949657772,7.822765645916022,3.48717383910466,0.23002955203689282,7.613999689966907,4.62369583277288,0.6029429855412878,-1.9716303329368428,-0.902081548205939,normal
0.4425087731529392,-8.269283604401041,-1.7609359722754039,-0.4213238978192405,-0.6033465482031191,-0.43296676348214985,1.0167027816914187,-0.14249437800028894,-0.91843267679454,-0.7984307214087478,normal
-5.043944118954515,-5.455201058536947,12.521141262110618,-3.40766581265523,-5.351349869932118,-3.7173796224723454,1.5332181302036714,-3.1229021485512325,-3.3731248836112258,0.1679524044622242,normal
-2.952521211326565,-9.254510758582928,-3.02324941070078,-0.2948342553108536,0.9672304924413347,-0.95890250196156,1.1287638457816163,-0.4670820777954678,-1.3140183576584916,-0.45770496673959177,normal
3.594430176925287,-5.997766432923264,-1.9501193442958746,-0.7109027935992865,0.9332827610711603,-0.7253599269166437,-0.866042945635351,-3.3403208333569623,-1.0312610337871713,0.8410435475974946,abnormal
-10.10697183409314,10.973721748894137,4.095827321650261,2.041240817069046,-19.75013145252254,6.547483992646378,2.0624180888804218,0.45808465538503756,-1.994959466544701,0.9926519208209451,normal
-6.605623252833825,-3.7537993619670806,12.075837998441973,-5.3887017701760564,-4.7464451266550425,-3.8293047736411117,0.4054610991995353,-1.2211128828112583,-1.2267751579778239,0.584691578204751,normal
-7.561454872638781,5.752762996794415,11.057603270036866,-15.041864630368563,3.1475956749052685,-3.0639219275835146,6.045288579762824,0.09915717834599055,-1.5130802899368134,0.3701346397739435,normal
-2.1432920920016607,-4.501069931296639,-2.2410452315007583,1.878583989120076,-4.419340840165227,14.42003502714773,1.8371229181913604,-0.5794836970902276,-1.8025975571513753,-0.8197231546026765,normal
-0.393295435079335,-8.180139074216047,-3.053811991250881,-0.27554152277275396,0.15519945907726052,-1.1571558139026659,-0.04110739000471083,-0.30224364784601077,-1.4221051001774763,-0.23879888548267894,normal
-0.3935345686784178,-7.515076554210005,-1.4182027842741212,-0.25749693013739394,0.7055216966603997,-0.997978843132333,1.7495476971738693,-2.2940721760116056,-0.2703529055062078,-0.38763554227849223,abnormal
-3.972201965377114,3.308411208083295,-9.143969059023869,4.602296638101862,-7.150946929413301,-7.583542084992897,0.9291450620480142,-1.271427620365951,-1.9669845667623833,-0.6049497158140749,normal
7.365219857297703,-10.685651063240684,-0.06301319408162784,3.1778836560682504,-0.847273673964279,-2.189602100221197,9.17204630504425,-0.6231895195068999,-1.664456295618002,4.4167730986628495,abnormal
-9.211754010972983,10.916284587700751,-4.22533125265364,18.25586161435807,-3.1428385433056842,9.714878458038694,3.1113590398892073,-0.8812622706089086,-3.266145898480408,0.38825315720348375,normal
5.344684112386067,-3.195014119870899,-2.306036978607723,-1.539553676365317,2.262843499531681,1.1802248458207585,-6.249680250623548,2.8917490818448033,1.4518847247946403,-1.1203413841300947,normal
0.7459708885449161,-6.134518982918943,-2.4340902374897073,-0.35138273024080485,0.0766061443017063,-0.509072998256089,0.2662199809429143,1.1105112582200454,0.30277046127649915,-0.28106085461484304,normal
-4.993220623025558,-10.425350727722229,-4.530948050196897,-2.1028364443363516,0.9246254231487316,-0.9733469866139309,-1.7086507159429747,2.6126429674157943,-0.8029858563152871,-1.2517943936265499,abnormal
-0.2471553508437485,14.514701252842404,16.336338878379344,6.825773220908344,1.0342512518572449,14.460770728582643,-11.787895953059875,2.3017079420342372,1.1755376340423804,0.11715356582018688,normal
-2.902015022805889,-1.4064224914451742,0.8245360426378815,10.727665028318658,9.72301033048371,0.7115830129356201,-2.802565621643197,2.8053614637745135,0.13573454000654242,2.2750764901752354,normal
12.89975451458775,1.2760692605456319,-2.143833213459504,-3.2139642286543486,1.9093542615969903,0.400911847603114,-10.088267643945606,0.31620455942809744,1.6631381641736296,-1.8499944484625506,normal
-5.275315811078696,3.8092332654034995,-9.967432031547432,3.646774221724336,-7.98034872592041,-6.332085064898296,1.9678304092210246,0.2907211247470012,-1.0932332782823009,-2.3108367167754134,normal
1.4453604817175603,-8.806362632306811,-1.3455535319567824,0.4797385367644082,-0.0499162761052147,-0.621183392641089,2.3026195248807366,-0.7330483697453062,-2.0539912849744284,-2.141360838162538,normal
-2.910155896474153,-4.469712057696047,12.850764925713978,-2.8930666669150784,-5.996451126035474,-4.5645170275541025,0.952509532704402,-0.8416334462387784,-2.191360552259618,1.0366806423610553,normal
-2.160784206579874,12.550871508421908,-9.641008305274585,-6.745561026528138,0.4467802604794521,-5.893074986251789,8.901015381991693,2.6390677744104853,-0.4452229143695363,1.5411997053622701,normal
1.9110681247433017,21.54288939227603,-4.606570393137621,15.249818601361772,-2.3487077356037664,10.862933214537422,-7.529062686311442,0.4768593901665779,0.16828883710047232,-0.090736803558723,normal
-1.802975657508116,20.260647131587916,8.86174802728111,9.713323207840748,-2.0875171502245715,-8.888635877292959,-9.83248105582947,-1.0543420312717167,-0.7375712339526989,-0.8180945735750754,normal
0.9487055857100616,3.1096989740445014,-5.017278102720056,-12.109301776190355,8.799970071249023,0.27273577122898657,2.1848012463734166,0.6270374918504656,-0.47819191146322215,-2.3441697162379485,normal
-3.068794813029163,-8.070792162307855,-2.543012144669289,-0.7456506004461153,0.12810216450928896,-0.7583464120630085,-0.1987739071267944,0.20050538023224854,0.9803385769882687,-0.7823830467446015,normal
-6.444365563768887,-3.3476937877368798,1.6329012078738743,11.410793009216764,10.36775262226178,-0.1949657709195014,-0.5867863827107108,1.5339031783194197,0.357959790133401,1.1242508898961414,normal
-1.2452451434003677,-8.602974618959532,-2.3729152379253895,-0.5174156744256443,0.23852821476163516,-1.0293957302124601,0.5578895918515083,0.5578461290448825,-1.0213007626096593,-1.7861295050489676,normal
2.8121064940993836,9.302497916190797,-4.780388400428908,-10.482565472550293,3.2866557540675334,16.44496725222731,4.002431901735556,1.1050383135248363,-0.2388967615426058,-0.7069189579211438,normal
-5.147323108194346,3.135995208137975,17.10745147547019,8.222118276598279,4.646290579903167,-3.7301620761827325,-2.7786486123741945,-0.6838667242277422,-2.3827318058909603,-4.055816219059558,normal
-4.721832413037541,19.369228666019144,-7.027688128743945,4.7982623780942415,10.327098188186811,-4.644538444818236,3.545022274061015,1.3012731349314732,-0.6850071447662465,0.2240209452056889,normal
-1.1007777478412828,-7.3064312111614695,-2.1992860947881843,-1.437860201547698,1.0885059637804837,-0.5099601675365325,0.4022781655620163,0.8147784406023256,-0.586070677517732,1.317360131786651,normal
1.0530376010654987,-7.631928035831009,-2.0127841498882346,-0.47349727655258855,-0.04379313669585073,-1.3126065804764722,1.244695273558292,2.5602372888019214,-0.350286370517362,1.665371970344334,normal
-4.672003589888596,8.517906031310993,0.0508855926561616,-0.0647162156482402,18.99954654491478,1.826096835811549,4.030568970574429,0.6641469019464454,-1.03425336617607,1.2810964843233354,normal
8.12367824771844,-0.41905706352782346,-2.832336396149449,-3.1452173037634594,1.7851940391039873,0.3838212651004192,-7.4491824891913865,4.303928649975311,2.3081844621470315,-2.6775760963550796,normal
-2.5790859744626027,5.2550087751371395,-10.449629123947748,2.6150452784928664,-7.657140750888641,-7.341968156876762,-1.7032396906099803,1.154510955079675,-0.8347428009799436,-2.5122452337498102,normal
-0.3137762529076896,-1.7665643439212135,13.64602133306138,-4.091301834429352,-4.9867170948561395,-3.694645345349503,-2.136672893457399,-3.6455003924428855,-2.585883629349049,1.8308539515904247,normal
6.645198994645692,-2.736955260592446,-1.8888485097049275,-1.824449730590077,1.2698441465864037,-0.6613409565402382,-6.310559189106123,0.1993735544693047,0.2440758218421093,-1.9959415477118925,normal
8.588955176989744,6.758911589354754,-4.403917633901519,-12.948348176271477,9.599204546762932,0.6089215445919587,0.17994821184469503,-1.1161208883822178,0.07589538204035606,0.35254038618682726,normal
-2.0544262154888555,-4.727047584382917,-2.913962649581326,0.9453059334532526,-4.932514562893966,15.945751026381688,2.26037817179746,0.8447386228356479,-1.312304967666131,0.33487746148549624,normal
0.2861101395299082,6.489275156289921,-9.765624163186814,2.4652513688089686,-6.571098566180778,-6.365197980963467,-3.8563598415780453,2.1858140680233196,0.3698351317091868,-1.2575488599253364,normal
2.902109109370792,-7.318126449838912,-0.8604269407653988,0.30145582833062246,0.1323886813584545,-0.9269229351376623,0.3713719084239317,0.8385508900171084,-1.0854383592160803,-2.7752931316056393,normal
-6.568592376751645,8.613738744392258,4.559811656490377,-0.7268301032714503,-11.858985318113461,-9.465320401899888,-3.323502993366271,0.3750879073734999,-1.202123579282841,-0.5779788758860278,normal
-4.0553641423393065,-8.484054250160735,-2.9856591808704134,-1.3633974717872466,-0.12805943502311387,0.09050654795259881,1.1327727108152583,0.9861889983092545,0.246779570266938,0.23153966203916515,normal
0.23875052325951782,-9.054882660801015,-1.46809163901672,0.03706482557341802,0.18647399452698246,-1.0528039406289413,1.4819810116938847,0.8032675375662554,-1.6061312252946542,-3.085180360516212,normal
-6.7301295023325105,-4.518100799756784,12.489277515753523,-3.395073631728875,-6.496615157030219,-4.436298136258814,1.9699387024360393,-9.674521728319627,13.362023594959325,-2.2198549283122047,normal
4.750178616484703,8.28405106913697,-10.589816804308072,1.790307351686466,-7.072862688565516,-5.676958964952158,-5.546128031365269,1.1286605627855855,1.0562626749005226,1.8799510325086595,normal
6.044988036628609,-9.007773308231474,-0.760443622863936,1.5770577409142255,-1.3835188857922267,-1.4802509962896782,6.315983561117633,2.3008614711757587,0.8247488273607979,5.42107973995323,normal
-4.749909497789388,-3.8113909347174957,11.975198651219634,-4.624842781241724,-4.904802161898831,-3.4139456860981965,-0.8986785176507556,-1.1995604686568895,0.06737474437033068,-0.048104909803832335,normal
-1.350148699010147,-8.993989380942882,-1.8607505235454667,-0.4330852449033899,0.019816939510465856,-1.0539729568224905,2.5147949237203235,0.32474297499763527,-0.9991282926734044,-1.5763943333961878,normal
-6.308942148441746,-4.527020949872493,10.904267197014608,-4.352614686169347,-4.727736599688274,-4.204779675232124,-0.9020219471024369,-1.2482120702133521,-2.534229849772043,-1.6723269157319565,normal
1.0887926325502957,-8.88910305046681,-0.8795200461271909,0.8834057777191484,0.05597042576442943,-1.0686937097503404,3.763896763637697,2.689333151101353,0.11237896735973871,0.5553887577185778,normal
13.038110999038976,-1.1285443745167714,-1.0534690703191452,-2.147395664121005,1.2615648310062102,0.46570430427286746,-7.632145175820291,-0.535295068599984,1.0102589970559461,0.7255754210571402,normal
-0.016368553995527668,-8.542981476851882,-2.818859491805286,-0.8539374487745424,0.53968586128144,-0.8382263044336409,-0.15188858965195526,0.5912185155592977,-0.368881619403865,1.557052190090477,abnormal
-1.3325765156320406,-5.141739094141141,-2.4598314763107143,1.7409135372622093,-4.706146398718403,14.520072171076542,2.895091548742225,-0.003744388709026688,-1.408595958526968,1.2168877933348456,normal
-5.4700807049801305,-1.7406269257992824,0.8081935171641205,9.749666327511619,10.194881047698093,0.5437280455479686,-1.5511064248153998,0.13991616514291427,-0.19445277564104685,0.3840324382094537,normal
-1.5626281847959018,-8.003940820110245,-2.312262204689549,-1.1055684890465263,0.5153831923725737,-0.09718602413479492,-0.49936546058107784,0.9771901752414573,0.429709545329514,1.1000377292892491,normal
-2.924596366035169,26.87223843993339,-6.431966521854831,5.487794731222395,6.07236542642988,12.356277979273447,2.669231828503531,1.1927351897690088,-0.5391467007027219,-0.2864972824416872,normal
4.843612693152554,-8.639111633647468,-1.6495182133741428,0.31558078359370295,-0.5815378874126412,-0.5885279488005187,3.389420472062845,-4.103675232284747,-3.1562563936216597,4.057241507136581,abnormal
-0.9985638838742529,2.466309965853209,-4.314618799820225,-11.567742422894888,8.631800588451567,0.2647545360751096,4.742482239244195,1.1617532480885076,-0.8337476838297243,-2.5976335138083626,normal
4.029163032874113,-7.089363455267802,-2.909829441138271,-0.7307056423574514,0.26621014317375813,-0.251186051411492,-0.8731322022534953,-3.1500032868479457,-0.6584969039776849,5.633189068060062,abnormal
-8.974511195174392,6.595153894493366,4.332835642620102,0.1660344834813229,-13.41141721848772,-9.57789133279055,0.3026558866991777,0.692401128144409,-2.073735865494464,-0.41008789354186076,normal
11.804643668815606,-1.4052272849983527,-2.1639760880387686,-2.586984802574969,1.446405532144263,0.47344061168278795,-6.047947043865208,-3.311840205998863,-0.5136434369308506,0.523275186429238,normal
2.8065475295381668,-6.319807791425644,-2.650830115240739,-0.8000544444642053,0.4944833989335115,-0.7794552001591786,-2.0917059190253093,1.0109659609127115,-0.3892109556605638,-0.925420189436472,normal
-0.5163092783349948,18.298804342867843,-5.300636525688729,15.955791855410792,-1.8162705643527242,10.994691544997757,-6.619525156969776,0.966981611816464,0.162120678704779,1.112904951345457,normal
-8.474662491297408,0.8449641416063021,0.9926975050547925,12.292708728942818,5.427674367257879,15.762899060938297,0.5629981002524128,-0.1387369844914238,-0.7587386152611996,1.2623110369091555,normal
-2.098902265667298,-7.349796401987153,-2.170190293726422,-2.16382135863108,0.9074060491893452,-0.668143393802224,-0.16134209805351277,0.8594389734302255,-0.3623075084892585,0.7861850059531814,normal
-9.137705800922479,2.0028719990377724,-13.517870673243339,3.2855498567185077,-9.20146524046436,-8.617924527661636,0.3283379009808874,1.08898450458607,-1.9862749040488836,-1.1280270865784165,abnormal
88.01509170523353,16.198589805528282,23.23804140511987,18.592665356363245,-4.316698959417618,-2.681334551751354,14.415354128552156,4.890487290339017,1.494242201391998,-37.55843970949775,abnormal
1.853052165025476,-6.987226602841602,-2.0413790057590746,-1.13948366394347,-0.017056515200052972,-1.3117016745174628,-1.9709455151248985,-0.5603164028617363,-1.322565996686215,-1.5563756440202843,normal
3.804916248828152,-3.642381296651864,-3.460529450253383,-2.3085858141695073,1.5135408567074622,-0.6187233766699933,-5.88362048583984,1.1157040147244421,0.6878611070106305,-0.7925083336103612,normal
-2.5332888518723435,13.512484289822567,-12.36413162052603,-7.82678749952572,1.0416700537959902,-5.916577783084823,6.148122970683449,-0.9230834684474452,-1.7977516938580431,-1.4070170023374378,normal
-8.064168285310744,0.18440951843768635,1.4608054510657904,11.827379468346226,4.76004839874466,14.98933715910279,0.2337086640297349,0.42719851258515223,-1.40364057054543,-0.6416875286540586,normal
8.685642995151664,0.16474043582754846,-2.032185537529111,-1.5861246791776222,1.8031613565279625,0.6103634128591309,-6.655153943569957,3.054040421983897,1.9945529434975875,-0.2119715816983442,normal
5.076994105711364,-5.852540080947291,-2.6558845674405256,-0.5421061550711773,-0.21196481508247364,-0.08511343708815083,0.8945626333847956,-4.4386597393328255,-0.6780774807622715,4.991021698746033,abnormal
11.636532396222016,1.0357309135755965,-2.0594464806224546,-3.0001696736105603,2.2772381347883552,0.15484015404278773,-9.639186834382757,1.8043167870442491,2.2816714335177197,0.23014102013781537,normal
2.559748854620495,-7.810566036472324,-2.628519769439195,0.22892510420934872,0.08328765911733402,-1.2593263434206754,0.1690892910181214,0.1982720253803237,-1.4121425240660714,-2.726357652248286,normal
-3.274402523491706,-9.385590866970915,-3.8243257447303525,-0.8202327855438085,1.119616436637394,-0.7412300821209834,-0.8602876338985024,-0.364256132482838,-1.4562856366164534,-0.5233286218095596,normal
-8.580266686424922,7.27350835453421,5.767654496400851,0.6079632674759411,-14.777773451373525,-9.578504204643433,2.5045640029209815,2.131117439523873,-0.9041675420040762,1.8221981346823102,normal
0.9377880189771348,-9.369588190826486,-1.0118620061718242,0.07872681613807855,-0.22101579604472607,-1.6035588835675565,2.743050806750435,1.227403716846264,-1.4680759005918924,-1.6574274026765896,normal
-3.4893503496471943,2.254085002746024,18.22898841097472,10.652263243210022,4.148537205090276,-4.005119928307041,1.1158312830464798,1.7521574278795347,-2.4359043515230008,-8.520991638333363,normal
-6.516591618801386,9.645625126059915,4.327485361154511,-0.8965231677309483,-13.049532695765519,-9.593532420872306,-1.484897492532904,1.4692061416315274,-0.7526891121056427,0.8236547878358216,normal
-10.030820659211066,16.87475992610945,-7.333712012509195,5.883165970619599,10.536893591877467,-5.526240451469135,8.1007807899127,1.4425004799335426,-1.9276433422720805,0.3200993409065556,normal
-5.704549901961384,11.013454181475819,-12.904537894303058,-7.175087309919312,0.1948358684837537,-6.81712525911427,9.175094678846849,-0.017143959176696925,-1.8419305700965627,0.7001432088735546,normal
2.8748672300963833,-9.042732253696792,-0.19200402767045496,1.873950535494267,-1.4584533330463605,-1.6965130883660047,5.125074898441979,1.679371353514402,-2.013115566466187,-7.591211807562811,normal
9.165612231166355,11.132042856811696,-8.12617342274712,0.5471065019489798,-6.162940406611986,-5.80963082447118,-9.623011991231749,0.3837721129659549,1.312058093090604,-1.878038591415488,normal
51.370469913372816,7.98133029305483,9.96256829660038,5.075079262755765,-2.1543974733546083,-0.21206801959530502,1.6393846508709013,-7.541543041618877,-0.502551112116796,0.6413201802972215,abnormal
2.2278251583638693,-1.8362117379901308,3.6547300615049725,13.50767607107161,10.494657898901231,0.14712060479732886,0.8031879638233537,-1.3629787194382939,-2.910938313435729,-5.941995187163854,normal
-11.827498156644884,15.872725074019991,-7.449238245862872,5.826013672036335,10.111859394233834,-6.0484842047575045,7.546019994166676,0.2513866443263647,-1.4787864828779635,0.14134447034656922,normal
3.132321434139638,3.0345943673924767,12.241675933906984,-5.397825897007675,-3.5859983027001756,-3.082620062406177,-9.087483892236197,0.4668414162341375,0.5150070230143738,-0.4003169047930105,normal
-5.313182859591293,7.285241440532318,-9.768571792150352,4.797545312075398,-13.48047978757804,9.521696378282789,1.5468747306007324,0.9784180939400415,-1.093786459281788,-0.2131618742682295,normal
-2.3391125346215547,-8.548074963477923,-2.1334189508674313,-0.8655885077008015,0.03395079292907892,-0.41628753635375737,-0.06085141735274449,1.612682421811525,-0.0332509790351364,1.4809631566788144,normal
10.00774334064246,-5.2704903300997215,-0.9364636584006136,1.1789496647556603,-0.6418613523084676,-1.7029857104601684,0.19122368277129004,-4.333044344981126,-2.9614916910166498,-3.7660580993121724,normal
-10.068880367248239,10.973038037694103,-5.486251156296985,18.515739506930114,-3.574202100722976,9.44117357048216,3.725703474649357,-0.15200239198479784,-2.8215613753524464,0.04485845424936801,normal
13.198219235950857,0.9319142480489999,-1.3468161617695067,1.4185334326934296,-5.657618213910954,15.659805014679165,-0.8410975009687919,-6.3075037982446975,-2.913792878880634,-1.0692125200250553,normal
-4.804730697887676,-10.105136672121711,-4.559380824074932,-2.248250524420962,1.0091836263920495,-0.8829322404827403,-2.292550007893577,2.869639312276089,-0.6046799985862591,-1.4919394292333594,abnormal
-4.021492140957071,8.374125645429631,-10.278720089221727,4.471465423672867,-13.880102601298901,9.672463377166496,0.6199905910779773,1.1253376902226848,-1.2946926619001289,-0.3154826952365311,normal
-5.4356275540890975,11.680216717862509,-11.640824043708712,-7.742699389676367,0.34842687224938085,-6.429567140600579,7.5873999527031115,-0.3609844053888685,-1.85052238548431,-0.8084150857094393,normal
6.502970438205619,-8.217152123643293,1.0417751668382798,2.6741247656612677,-0.3089736981826938,-1.6121622972043177,7.140435930199658,-4.875963379244262,-3.2068791942613624,-2.0888289299121396,abnormal
1.4495546735281721,-7.801208136839997,-0.7756986309722783,0.2734681007785178,0.1564722823002947,-0.5903971331614912,1.9273726160834765,0.8365003763209192,-0.41921646080332725,1.0653072066059082,normal
11.169226059543881,-8.68034072913163,1.2896413826462167,3.475673582899386,-0.7023923242367319,-2.1441275201135963,9.660169750020804,4.61402480949837,0.5490774058189154,5.450728189104674,abnormal
5.49173303002192,6.734014106608276,1.441393316133452,7.663099033006528,12.107036499962208,0.6980167595413498,-12.46809280977211,0.9265676218022225,1.6782655590108067,0.12475554675730612,normal
3.0203940177242807,-5.31164358261807,-1.7220584679336073,-0.7597714570142466,0.28566585288306484,-1.1650511252740965,0.9250692038178515,4.564227982745049,1.02334761335633,2.2362312761892422,normal
-8.444421385781416,5.21940470811472,-0.19564128871667988,0.5741665858376445,19.228112083724323,0.23902152384585246,7.663510510175499,-1.7760403385245063,-1.6257301307078778,0.49894194879618187,normal
0.19911173108526417,-7.633940152852677,-1.351676731823335,-0.16381952057923757,-0.17921461363381397,0.4424987069434691,1.6852988724073492,2.7311405412457397,1.4471521801872083,2.1576675045084484,normal
1.7709085609206645,-3.2222826322588687,14.368843434522125,-1.7086680554097748,-5.995469607762054,-4.1365433262522044,1.3619795236544805,-1.0913335848963313,-2.946721097620524,-6.631324015321381,normal
12.55827513095684,-3.8270834690086577,-0.904111267652171,-0.6183337135092019,0.774827912341756,-0.36428568853140314,-3.84418438884987,-4.551233954819888,-2.0361756363256895,-2.957095534725416,normal
-11.515290454659276,21.21378921872737,7.780244499233159,1.5407857524218123,4.344574339206238,-8.647898092189438,8.356417087737476,0.9206370491347223,-1.038639104536711,1.8129107727915368,normal
3.6159654217099835,-6.032940458827084,-1.3639450252112784,0.45304603701608814,-0.2389470930539446,-1.2925642665485437,0.34434060492505847,-2.114049132474954,-1.7192382977099554,-3.7590001385162934,abnormal
0.5449990408481964,16.534093426243164,-12.383183038619697,-5.836567323858155,-5.070356490019869,10.516838727886368,6.999326741730424,-7.061194719660323,-3.118269357797179,8.6839091242491,normal
15.739176837651316,-3.7850241960581514,0.6241288367367175,0.32888353373612295,0.9428214027462707,0.2058751624850527,0.32257796483031226,-7.1817334319710175,-2.8649285909778803,4.647303611879638,normal
-9.146955168511106,0.9957835940195249,0.6683703115781109,13.619149178453256,4.481084062984172,15.764829654546594,1.1437663393525406,-1.0957141378139186,-2.463988164958095,-0.3769006449937739,normal
-1.9108295677818203,-6.545709020475744,-2.158829844994969,-1.5576734108458494,1.0963988527156245,-1.2629441645770405,-0.43660333104583376,-1.056278150993984,-1.286303413299618,0.6501384017294655,abnormal
9.092554865600611,11.083526953317536,-8.338941364328244,2.6930244281394615,-7.107715754544898,-6.226714904203456,-6.313091670408706,1.7150575093283464,1.2599334558282231,-1.3154454592124813,normal
-0.7195133535642013,-7.442925976448064,-0.7151812326370411,0.13377450597499055,0.05970703352982312,-1.374735600842571,2.91725473825182,0.6983481305750152,0.6410946424381216,-0.4229555294884817,abnormal
-3.312009693953997,-5.434341070100214,-2.5546918209860223,0.3797673292645868,-5.116264375397064,15.566743089853132,2.4378192816861377,-1.1226215108913256,-2.2004892261535476,-0.12765594602311586,normal
-0.9849974739695113,-3.321652469401232,-1.7655865073316361,0.8468823434050587,-4.898804056779198,15.546433714872844,0.9512899439992214,1.8709484782510355,-1.0081220519379541,-2.21309803642653,normal
7.923874085161676,-6.623492967909536,0.5466436971376639,2.107442467216757,-0.9808763512397455,-1.7199070668157819,3.5081324442586497,3.905156826239014,-0.667337268809011,-6.68645299221711,normal
6.425845462205266,7.235558076347186,-3.2228609142533093,-12.684533452735115,10.398967316129406,1.4129284425963935,-0.06082554211665692,1.7915432270141558,0.8519268344493661,-1.6904932561674655,normal
-5.099669949495711,7.005750388524889,-11.248698400929548,5.002519364792449,-14.07333454887023,9.162922333854102,3.8324865490899804,-1.7304497579214453,-2.2117651515501744,2.382475052028496,normal
57.67684976307258,6.225756447200661,14.25967298345126,10.65811780867879,-3.307908131185962,-1.9205573081539185,14.519389275687823,3.423986422939221,1.6116085153567254,2.015655741897493,abnormal
-1.2491286835537967,-10.059448431307178,-2.7849359477945224,-0.4418562721736651,0.11957259427943255,-0.304561632422084,2.2547230010685313,-0.7312009797102967,-1.656886993117956,1.9102660739599275,normal
-6.2569988015895746,-10.68513766431293,-4.809976258100975,-2.308765727980036,1.0319745744384037,-0.9304902759161267,-2.0704193913877647,2.795054217835158,-0.7507997965200726,-1.629015371382212,abnormal
10.129991540694855,-1.0330124799291707,-1.3683998736612926,-2.518913972993783,1.1593918124103049,0.4870498267320119,-6.875198009928697,1.144964733173087,1.6396363849573732,1.4535088139765984,normal
12.641464162218872,0.6264218113723278,-2.6031737155859993,-3.902644560947865,2.2727140371296426,0.567179352485,-10.796488801913723,0.7436454662525075,2.0918242368671147,-0.36500331315215,normal
-1.5007323806276804,-8.19044229197975,-2.924385836344466,-0.3080588417066936,1.2988650648252373,-0.7284589870713578,-0.41214014545624456,2.463569917378096,-0.2916085209410515,-0.13583526567034648,normal
2.941563779026855,2.6487475323155096,2.1073464788607494,9.526156406209802,11.641848960377107,0.5497057901197507,-8.754327477924665,1.071479515798899,0.27990164913545373,-3.524122584215977,normal
4.575396808750894,-8.074511043824184,0.18029435371647093,1.7968445019407973,-1.1936526300426746,-1.8722983196523841,4.576900317158638,-3.7324068143162417,-2.7614266672710173,-3.210727067689982,abnormal
-5.44557236194447,17.058149394937416,8.723276393511153,11.082592629794707,-1.822958978559806,-8.695560258234337,-9.144657686664189,-0.6344281584493775,-0.9020516271210147,0.2779479748210363,normal
3.504916525861243,-8.00264477608275,-1.759125240507384,-0.20520569471770764,-0.004938174712513155,-0.8254933230094655,0.37990684548738896,-0.9968167346178641,-1.0298907711552692,-2.761763110771155,normal
3.524888085722004,-6.622041278529118,-2.3258074476748365,-0.8800265176351998,0.2575864963196139,0.011093294726795155,-1.0699662367755518,-2.021804769853461,-2.1084227666760302,-2.69450938475908,normal
-1.448716390597516,-9.736989734315571,-2.2670305040162693,0.7942790038071731,-0.07754215517279706,-0.5646238645629387,5.033824785643579,-10.288402146279847,14.404602071003126,6.409915498177531,normal
15.076679922376586,3.7018626963018213,-2.6829469837927107,-1.4265129095722773,-4.576024772627038,16.505547426184105,-6.273631348951659,-8.829916370978982,-1.717005758249514,9.11497884600344,normal
-10.340906138904819,5.8737067509099585,16.8173460779305,9.991269950721108,-0.18346213394496802,12.51331573371011,-1.6722145678266915,-1.5436755872276455,-3.011329270595461,1.3682361265616882,abnormal
-2.77830413319625,-3.4689667888464033,12.394078532090974,-3.7261965670961996,-5.692070836926158,-2.6435828566261734,-0.941923987191786,-0.3627896574334404,-1.7450195505224178,0.3283445647184835,normal
-4.800513613103482,5.052886730902191,15.447096531951905,6.471359920562911,6.244370451814604,-0.625886589387147,-7.3112382494688415,1.7240697168184664,0.02009640743268349,1.601958084016072,normal
6.298642385999102,-2.575332945973353,-2.4102165444319423,-2.3341136505342606,2.4938793053859687,0.01027656434528904,-6.668280469075915,2.92139843377459,1.5372496748467226,-0.893267533769747,normal
4.793847935935723,4.293772684235907,1.790854739402548,9.577790761785003,12.34718790447526,0.3221369630448043,-8.146019772495345,-0.8872383902520998,-0.10164120369907534,-0.22209942283003592,normal
14.367571762962443,-4.229232682548489,-0.32102706777414547,0.4841502568408438,0.40008418787310845,-0.9898070202609401,1.489084827025725,2.4120155727006525,1.2875662048190397,7.350905255925276,normal
-6.738559959050826,0.023971836896829028,-3.9569723206170924,-11.070835676350983,8.748263575484502,-0.015514596422870919,9.493724069975716,-7.5247659957013715,15.066154154353072,-2.243429405317018,normal
-4.263578133380283,-3.695718631105457,11.924497306668881,-3.8185147358253704,-5.160750788878445,-3.058725818869062,-0.8531703825865763,2.179541216782574,-0.6458931652641986,0.8360605338468262,abnormal
2.747701140003057,-3.910834604656669,-3.8785635857984526,-3.0860715467727697,1.5432812109891105,-0.3559265636136935,-5.732093124345793,1.5513123772912858,0.8293070588296273,-0.8628766977272714,normal
4.869673288160661,-5.5281047460037325,-1.8965079706626562,-0.8436313933699735,1.3150927961907375,-0.5299238287477436,-3.5421081259000884,-1.4256454634431026,-0.7220257230769884,0.6297122896942369,normal
-1.1253187598291374,10.606277145979938,-13.594748458965276,-6.7585922294544165,-0.37278704905734616,-6.644308774820793,8.530231372063655,-10.62548323806115,-4.074210840984014,13.0115145828509,normal
4.2392854199826235,-3.970655875151932,-2.3825583762322875,-2.184984732429739,1.1186594207229785,-0.6244519305388534,-4.704467019867745,2.421171964331734,0.8481043353152087,-1.1638329345022653,normal
2.1542100872885577,-8.512143701412446,-0.5868810623239835,0.626473662689552,-0.3854048157324769,-1.2818743593880555,3.249612909723274,3.9041523980744195,0.05673926794820581,2.4935638347231803,normal
-2.3069885776999115,-8.43919448282543,-2.4274104295708474,-1.217079385528759,0.422208289173518,-0.59054312209201,-0.07352039043380161,2.5088943430083344,0.20620222580334666,0.8617402592972043,normal
-1.9529376424849412,-9.56958866237857,-2.6424620291118077,-0.0722025659935925,-0.07802055554439145,-0.8204561916436569,2.28411586012743,0.10596237427800788,1.6075545384677763,1.7580650006112875,abnormal
-2.6226039812780257,4.813617290722642,-11.214774105668129,2.732019263699611,-7.587694016671373,-7.237910302308812,-1.842976490929624,0.9602865482048624,-0.6963155488937087,-1.3040581708863077,normal
9.189714244214116,-1.8864976135528535,-3.1511994061727573,-2.254663327440735,0.9269517151020841,-0.580930215958281,-5.639897102389361,-2.031873873644199,0.03709796450910471,2.997083502424925,normal
3.255035084202414,-8.064672387259455,-2.0297942615309332,-0.2943016467758823,0.7378397189605269,-0.986105592701542,-0.15255865381255676,-2.8674436575679487,-2.2664417706866065,-0.11670866950844583,abnormal
-4.517490195238622,-3.106686826441491,2.570609658388534,12.317579592430944,10.724928295944421,-0.3740612458610567,0.16903595358241352,0.6332791092954277,-1.7998619197772272,-1.8016556081814534,normal
8.2507286179166,-4.203041301605487,-2.600866221603361,-0.8457717993376763,0.08263699489803016,0.418720171566183,-0.7256835196627697,-5.929695113149383,-0.38835250934438104,8.213374386799812,abnormal
0.4884417553104178,-8.471830701307583,-3.3768423380132466,-1.3466821910621478,0.846898551235491,-0.701605314156467,-0.8839982183029536,-2.7263672841290494,-1.5679752783813183,3.248477566649929,abnormal
4.494610328574665,-8.611151599717534,-1.4842052681847637,0.7389604561718827,0.011252957265615714,-0.669373368267099,2.6173146990133294,-1.3326234356664544,-1.847384343601366,0.8364233830898736,normal
4.653536895147626,-7.8973097083306305,-1.1864514231927958,0.37900678335406607,-0.1347624182738222,-1.0599087719224816,2.0885955140191554,1.3351487455274178,-0.995064475552358,0.8927821583259395,normal
30.424490448269253,-3.2210489524987684,7.500661266785403,7.067130428341655,-2.8209383987479715,-1.930319471040062,11.750206979835564,-5.656973565656572,-3.6970217610276177,-4.560075081150434,abnormal
-2.5249847935219663,13.556617328567656,-11.112686102817841,-5.9108211332804865,0.20585949766727857,-4.975528828170195,6.259522356533925,0.7596804956942961,-1.2085935565184291,-1.3729512710803495,normal
6.252271623240858,-2.707943181728806,-2.5881464554690616,-1.3917587274735388,1.8685346537069958,-0.5344266598870506,-6.991017502304627,-0.4241079360101815,0.7369790304674532,2.6913087831349234,normal
-10.251741971924115,14.78264078354735,-6.239040761867013,5.509876046138092,10.127475671228671,-6.221044101275563,10.53831408920968,0.5951470681434989,-1.1451210972501034,2.620559473991504,normal
-0.5287220862923042,-7.892592782837604,-2.4464309818511705,-0.6542476066161133,0.9594066815683701,-1.1982765177132793,-0.4900562525459901,-0.679364389784914,-1.437254908217364,-3.469938948459745,normal
9.620959152091206,3.5726221580099615,-2.737272773724866,-1.4147242914610751,-4.139044221508817,17.22938429470973,-8.393982647938158,-0.8368799768299116,0.95524192961055,1.4092041701529443,normal
-0.9413248766211108,-5.983529760588103,-2.8517048006364822,-1.3649952526196012,1.2282961593099466,-1.0830863340756895,-3.5112334363275584,1.6470953372693358,-0.003131441039669674,-0.26315415484948734,normal
-9.01545728009421,0.2316132084807915,11.83829572705754,-2.0604933458679406,-10.160681038931191,12.390316926342926,0.1181929829246749,-1.8228073612090376,-1.17342313829771,3.856451618028676,normal
-1.5212538113942669,-7.11621260376706,-1.5651901315202688,-1.071253835750665,0.9782474125078456,-0.8281420406429588,-1.4924030608316494,1.216141588093825,0.4061792456751798,0.4026872252410407,normal
-1.9964063775839933,-8.646275610182947,-2.820555732427533,-0.17988728053256814,0.3419180649513154,0.40116328217404057,1.9823730970906024,1.5583255000894731,1.2755009170390836,2.376849296647989,abnormal
-4.611754752011635,-3.399050541723475,1.0595772684699218,10.901499979622422,10.662775619004051,-0.38737707420277034,-0.8602892206506886,-1.7331432431283613,-1.8919705996018175,4.521261806559545,normal
-6.271907975042794,7.644908954947253,-9.757601592183054,3.9491582297169128,-11.952920476198646,9.737397055418173,0.9262427833536897,1.2785388139392408,-1.0121537535860823,-0.23118478017179997,normal
0.42232250688900497,-8.288086995250135,-2.5004905873107464,-0.20919734496223902,0.46878827815499696,-0.9533504972744853,1.7705621438922168,0.25343183706547384,0.3236146417321315,-0.8055904665703769,normal
11.074906176214213,4.724269770458062,-1.3701431249993723,0.3907037468569396,-4.172989443887495,16.046605292425465,-8.17664642307869,2.856366423268018,1.609450969702193,-4.4711108656024665,normal
-0.9600499870651257,-7.191783366679973,-2.312963272308147,-0.2932398802514703,0.6894201748253949,-0.795643570241182,-0.607576300987774,0.2780392417128985,0.37640639252918046,1.3662498560736205,normal
-5.762602552014392,-10.852116908943211,-4.558997954641298,-1.965822080653363,0.8779944982525524,-1.0409069167701386,-1.2027173234908206,2.9622630139752686,-0.7751276322924053,-1.4200139375304548,abnormal
-5.965715686365209,-10.825673787755854,-4.703210627760855,-2.127680568544894,0.9299882617845739,-1.0047526061333762,-1.5623052165816773,2.680662699094002,-0.8709073480007349,-1.433618969812557,abnormal
-11.24221014161891,3.8464345862120344,10.738168263521944,-14.305914886692785,3.4243403091655535,-2.1814933985653897,9.383134401796287,-6.106761155065687,15.221800691433197,-0.8082748762431726,normal
-6.181548312530192,-10.922470694447695,-4.66419444429318,-2.1038957903259026,0.9305952051627894,-0.993385575619732,-1.442205257076198,2.5739199166489226,-0.9665513169433372,-1.7131932877887854,abnormal
1.6666735142437326,-8.356817756987793,-1.8060013420572985,0.08559691665364216,-0.09691726845838888,-1.1906159183778011,1.6327011886443468,0.9647508210386965,-0.5250664012112627,-1.4904710965353536,normal
-3.4514477708219546,-3.5836478755168315,11.558467346685557,-3.5061654424827804,-4.7123908197881885,-3.4891591727847038,-1.4677194388647066,0.053912517228869465,-1.4088994750221777,1.859113974356246,normal
7.863167452567542,-5.547693693473704,-1.3506629849855623,-0.10261438361878528,-0.0479333753062958,0.2849648017888929,-0.43104856117767054,-0.7974324783772929,-1.2566029082866976,-1.257629995026715,normal
-8.342326785913732,10.857335302382513,-10.952591662875243,-6.428208485784277,0.6163690399115271,-5.7710493144686685,10.593019664330285,-0.8302181859006543,-1.4447435895648832,-0.19932158852575582,normal
-6.341337486033632,2.072642407736371,-9.639427682264019,4.6776679181031975,-7.579808664816729,-6.845690852804675,4.213115919842222,-7.173149528760403,13.882900654357515,-0.7873345994548038,normal
-6.038776747940589,-3.773672882339469,11.920761646819464,-2.8855517619697397,-4.7688138864070595,-3.994571918654816,-0.9361247974768023,2.7717833036733146,-0.7256541247320528,0.9071584723954061,normal
-6.198213789239766,-10.888190456542702,-4.799965404924688,-2.155292968040619,0.9850889873752914,-0.9841410274242895,-1.7008039718911827,2.1857638613854298,-1.0282350123285409,-1.523914289794974,abnormal
-3.4503041798968264,0.19241435582409538,-3.855139932164868,-11.429555552846534,8.712847379786814,0.1909603064361485,8.195179854333418,0.3164028031851334,-0.7494512395018053,-0.1568961438508718,normal
3.694921739257725,9.471282629899541,12.186124060347094,-5.421772816695767,-9.292909684685393,13.75290254520428,-10.71511394809888,3.23718798080751,1.9949528349938048,-0.31768494870763875,normal
13.61613657257841,0.26777279270666127,-0.9878416197080331,-2.880939708438634,1.8679347979389753,0.4760738876403675,-8.955621096639332,0.7698457245182776,1.6418303088749546,-1.124856998734994,normal
-9.164832144861728,8.586233745303703,-6.956150424661487,14.705550800439184,2.802997843658858,-6.726361350838095,-0.8655450265938889,-2.0490409467025468,-1.6357096277036471,1.9976402508295088,normal
-6.142974701043401,8.30674031191784,3.8669112167215487,-1.407226385832497,-12.273534296790743,-8.881027602425146,-2.0996192260085325,0.8934322294675389,-0.9762174606568866,0.5714872230091042,normal
-8.078205507517572,5.888790419955223,16.15015385203058,10.418313151290706,0.01360045664970012,13.006530812796553,-1.5746104226866604,-0.9428655768574813,-2.674383703513595,-1.3394398080755192,normal
0.14245636940439654,4.955271002925659,-9.349057055387002,2.0982607543092167,-7.532186872055772,-6.188145889132571,-3.4181718084571955,-0.008740214666309414,-0.38233571161812213,-1.0446597901210928,normal
-6.253779694484843,22.354186696228158,3.156726211358016,-8.79642007316064,-11.34049687975834,7.898926233355788,5.126952048355999,-0.15208167543118545,-2.1642180132420843,-0.35411883161570246,normal
-10.341804473070571,0.7905559742870264,16.47667349126877,8.33171765194374,5.344906659237485,-2.4880262529361614,0.7531049862725424,-6.299962590587798,15.016568674928497,0.4829717424956744,abnormal
9.481291311554843,4.54404305795643,15.085672257105134,-4.199867258848606,-3.8418052878190294,-3.2652938844703447,-9.648276720461318,-0.8468615091166216,-0.06910304623120947,-3.4722604043872836,normal
0.730720315886819,-7.695054132708829,-2.7119098467840144,-0.7970069208786831,-0.36334931387232117,-0.9465537366129049,-0.4318220422333051,0.07101264910958295,-0.7223999816693364,1.3337435918830256,normal
-14.332934527220235,17.638904480596608,4.347679087727648,-6.811903803478953,-11.124070171415877,7.149569680604584,12.115821235989879,-7.498857821692266,13.478585865885245,-1.384790637107525,normal
-6.998079620436054,8.937996989783626,4.598618585579777,-0.687546361385996,-13.432049928087013,-9.747139147243189,-3.094241315139733,-0.6277861087460964,-1.0692027829644715,1.9868218627245822,normal
2.0702944326532067,-10.307553742556303,-1.724506712728686,0.9817114827286918,0.41017599498166635,-1.0148345084716548,4.1966294923804925,-5.2356706287039305,-3.753993206748687,4.393819983529331,normal
-3.8751331120414068,-1.1350484273716561,0.7400237157283182,10.59024929693301,11.82268173420581,0.41090023765069916,-4.373691277687276,-0.6585445300828008,-1.0694251396987617,0.9471310848032427,normal
-4.642204774944991,2.053731482827328,-9.512627663267113,4.069781347167447,-9.213850829567154,-6.899635027720307,5.316221710860015,0.4163638428547922,-1.1709323393560835,-1.163450524643549,normal
-8.697223860252947,24.837781210767307,8.20081046182084,0.3543978009037267,6.085027746231453,-7.302737319976538,1.8781729796852942,-0.2164449135052921,-1.617311451047402,0.5946258737871817,normal
-10.226805224025956,-4.548376644822994,11.560084434490777,-3.8347464515586447,-3.9476008435467866,-3.9410596596666534,0.4902967482036201,-8.09776612221379,14.945055139482264,-1.4578821127260968,normal
-1.5609353794903444,-7.504641707132721,-3.2103873856624934,-1.6328675428586217,0.9306955767014038,-1.0720989623677757,0.04703253231325657,1.213397921854369,0.06453976561544839,-1.4870313858928665,normal
-9.574835919200275,7.630430087563244,4.775022572707101,0.37935729196334306,-13.063943510472845,-9.911432535325211,-0.8375877244370923,0.7299416363370133,-0.8001650897913576,0.9929287083576904,normal
-0.7533523426088201,9.818090947112562,-9.9206673132735,4.66345053752404,-13.056225535405325,9.83219854641384,-0.5635164427480132,1.0555099592177688,-0.8440027803264922,-0.29251366202705686,normal
-0.8944227983986643,2.3541815690135817,-8.942064646109396,5.19999838485565,-8.984316213282636,-7.917401578814928,4.509149029684891,-0.2944708101840939,-2.3404007661912307,-5.12407697210553,normal
6.206319938534668,-4.723356569591442,-1.8002765086575363,-1.2163263199686851,0.904994328035405,-0.07069326704749207,-4.2093075164778355,1.4685536923171807,0.473972721380167,-0.21609711724969757,normal
11.556527061741923,0.11960491452572525,-2.278799952168913,-4.125859141259082,2.52626258830309,0.7073454933393125,-10.657502886630628,1.7362549094396476,2.225939147702709,-1.3795274897949084,normal
-4.603081410064681,-2.4204917552618124,1.154499821799179,10.289114664444345,10.16618383610519,0.015247224205126121,-1.9204268781761666,0.5631961001112491,-0.4786379486469198,0.4419020791094901,normal
-2.2453772092378372,2.4615777879006564,-9.118856143531474,5.35075493594166,-8.212931268377794,-8.181249545633527,4.20288858600379,2.706005602079407,-1.1129247231251358,-1.5125519450376155,normal
2.9171366213011347,4.995769258438358,-3.5451740750154808,-11.902840444982484,9.932347842664992,0.06025182176245663,4.151970035805838,-0.7014565321112832,-1.1087828894908844,-2.6417295637857645,normal
1.6117118884354538,-2.6262074973460225,0.08613862382066931,2.5856992155918386,-5.394524493472775,15.400613088470955,2.2709791088632727,0.3810505308937636,-2.3034700812308166,-4.193974763175194,normal
-1.8395032287794757,-0.47608750242079917,-3.4228716586681065,-10.139091846782842,7.829594559392746,0.23424265057946267,8.983195659241565,-1.9262359644225033,-2.4724215814220862,0.05441266264567004,normal
-4.842099625412125,-2.5140792440562434,1.3381835315885457,10.560671922221427,11.643787094665674,-0.5856191299260666,0.053917816234345946,0.1478826532694121,-1.6957989799623292,-0.137835915149476,normal
-5.938018949133021,2.584460279048563,-10.180002772288988,2.3590719713402266,-7.587827509813852,-7.5546587204714175,2.8808178398511193,-2.0357285281938453,-1.377871588171141,1.0397296422057927,normal
-0.6509578445934736,-9.161123349724154,-2.5335886499380917,-0.42127009364295126,-0.074546256512109,-0.5439695295871347,1.947947803043967,-0.35622681713884663,-1.7571111887601474,-1.7741031712965947,normal
-2.597806929707037,3.3379013937096302,-9.411232837332252,3.671758183808817,-8.764731407389514,-6.9614615601829195,0.998453759284494,3.5824880885989603,0.15050861207031807,1.7779564506764065,normal
-1.3698520938711374,6.158354613962057,-3.411193135407209,-9.644107543998189,3.3443652337211343,16.91025882665543,8.322693282476322,0.8874411220117759,-1.114394237319781,-0.3357739642665509,normal
11.468989625813853,-8.326497300530258,1.1831926203596415,1.7919727980276436,-0.7827726190512383,-1.2219288675723399,7.013419590176833,-6.938737223776157,-4.519071682664798,4.865426343977373,normal
3.50109388710944,-0.9766968375943306,-3.4280685431429525,-0.5239597570394404,-4.490745604406771,14.94827589093521,-1.7907452693902457,-0.681935925435383,-0.8668346718299844,1.7562910762290111,normal
-4.382008872901321,3.156970929716586,-10.006000601586882,3.483438654012792,-8.27471428824523,-7.490366096787968,1.0444269967026407,-0.2429209829396694,-1.587096156590137,-1.5667581941808462,normal
-4.202381939670695,-0.5292519759702823,1.5891058199634442,9.800942432221918,11.781267724581241,-0.07734575854502423,-4.9977653856269875,0.8011517815911081,-0.558526822584996,-0.9755592569470976,normal
-4.290447738103627,2.486793184724464,-9.49682438249136,3.618150305600338,-7.25220696126801,-6.657244484954759,0.797274163272906,0.6154797344285938,-0.21220544057926818,-0.4161258310710586,normal
-6.914354372285578,-2.860193409475762,11.282816037522029,-6.177067171735045,-4.329062317032259,-3.8913488290854845,-3.6924175369302903,-0.45563226427460796,-0.7310612448063109,0.9300634817076451,normal
-8.665343653817395,5.747500746831268,10.552422347833765,-15.036280113045375,4.4292629672232815,-3.110435605532442,5.390579182869532,-2.268268080622842,-1.910104303602853,0.9523087998308806,normal
-4.940530925063909,-3.831043449342428,2.017012966962216,11.770925595289592,9.238011602251973,-0.7400524902873655,1.4606903703216167,1.3453575159540097,-0.5342074447899651,-2.4742702232372613,normal
-0.09308665594019218,0.7612481330306528,15.011261587207512,-0.1987430576051773,-11.85851495885694,12.182268893620149,3.360305108187269,-2.571492392460644,-4.274487824240398,-4.952156506937724,normal
-4.65599011094176,-4.746463097704582,-1.6344079825265925,1.902981438355258,-6.29841984317287,15.003411007816828,5.104676611857733,-8.692881000599806,14.51488692528072,-1.673449176694703,normal
-6.410438575997038,1.2370991875256327,-10.035163804162888,3.8766718856001345,-6.971844068502327,-6.932226309513622,2.3111772945180724,1.1229754662335798,-0.6745903532100465,0.3435342720956952,normal
-6.727719553098376,-10.833516182058792,-4.918219158647995,-2.349484642951826,1.024428434048191,-0.9252855527683498,-2.0879833385710755,3.029746400770386,-0.720242656912781,-1.9203639740582668,abnormal
-5.910580779228451,2.576706048939306,-10.485540544356002,2.9891419617299935,-7.860122536323468,-7.72923051511354,0.9160436366333405,-0.8703643496734573,-1.837889548117765,-0.7550913241989657,normal
7.006518704054826,7.086100884739274,-7.837563122384501,3.963479739273915,-8.056732037010274,-6.744354158167682,0.12578336212895092,-2.29920625721261,-2.0793760813343427,-2.484271108182863,normal
-7.8300627823153395,-0.5403996410413198,10.539579965873761,-2.4210347928741767,-10.92626272744417,11.959439494276692,0.6019211315495009,-0.2744552095570393,-2.1852134660379754,2.03280676562403,normal
-0.8112446373191828,-6.946262888662923,-2.565614391090836,-1.3025554936258386,-0.058419564277039565,-1.7755485113770064,-0.49378679260447583,1.1940184303238843,0.18499493026655553,-2.2203498501646006,normal
-1.3019072478203528,-7.833011743610097,-2.4360839910342706,-0.9803644823832204,0.3828622265599307,-1.1364949708914462,-1.3295983593703165,2.782596952025366,0.7304194441088366,1.8137125490759995,normal
2.270819195411166,-7.256222019829444,-1.6475440399296089,-0.2436790711704877,-0.3335185037069048,0.3296542147795567,-0.36037590859724333,-1.2078867055545033,-1.9165048127834001,-1.359149332451315,normal
-10.079458395600987,6.039004398800233,4.523976579364285,0.4665921244576511,-12.330259446800122,-9.808772941189579,-0.374886062370391,0.02671398943517345,-1.4123529499431056,1.106966925380459,normal
0.7836005943103672,17.699367150931693,-10.780844567239576,-5.291490898002917,-5.0829579228293404,10.98445862927567,6.532903892560226,-1.589435082654857,-1.8702618062492646,1.7068337425801992,normal
-3.1342820267149496,26.179983078086845,-6.723607265018913,5.9386037165591,6.611994450362954,11.343227259259649,2.8891438178347597,0.4621859458094036,-1.0556527751540143,-0.4282568537347702,normal
-7.1692082216912585,-3.037122686247236,1.185004970265371,10.789043488319793,10.18680786942054,0.0723017844522925,-0.43381841880169686,1.1536949637258331,-0.9579665036426346,-0.08619394146968157,normal
-2.521677893011529,3.66861584407422,-10.267950310360899,3.055119633698714,-7.571424021925598,-6.181279911707299,0.47398011870686096,0.3861397483547829,-1.0409530856921492,-1.0711887974840353,normal
-4.944642502092133,-2.850922501393544,2.053448852950661,11.171719488926726,10.997310060885859,-0.19704577979845708,-1.7565557075708507,-2.4906984803563494,-1.4932283232841645,0.445726768447602,normal
-14.20338910606384,13.585553559343683,13.446657675023689,-0.4136340278525743,8.303748615645103,14.397724121186801,7.604929629595511,-0.8365122133271211,-2.3348535147909253,1.4230788012957427,normal
-10.442371965021747,2.1786162955767434,16.189224461335236,8.202983809260985,4.801099275602006,-3.5970716883021563,-1.8083642405701432,-0.6275380902085559,-2.2122890938771236,0.7171160619681376,normal
4.640406482208365,6.169800840827195,-10.503477922565102,2.762905884069235,-8.061301316140865,-5.819960697396109,-1.276120702612149,-2.3962184963309987,-0.748213924589199,6.296670179736181,normal
-0.303744009258574,-8.02374085441846,-2.2283322565481436,0.6162569209608691,0.5300477889330967,-1.4991540184619425,1.6327158626717253,-1.0474360959037876,-0.9637527014020931,-1.9805142033835257,abnormal
5.985671627758025,-7.264969335268278,-1.3565423021824428,0.6145421645193104,-0.014831757769361258,-1.1323852478604823,3.028441205644787,-5.563676245795171,-1.6045009288339187,5.163971963373799,abnormal
-5.415460439672246,-10.508421132370529,-4.51651912194423,-2.1005610187668204,0.9616538945791405,-0.9589991471456578,-1.7666167836742206,2.722260971587069,-0.8466007591977768,-2.180133706978475,abnormal
-7.6052120205540925,-3.07581066580441,0.6750722188135004,10.535528897207945,11.656839987681938,-0.4181590880948312,-1.9257952414336648,-1.4502397873381896,-0.6633687491507873,1.443822607156818,normal
7.192449677251282,-3.250642330757985,-2.564960846674825,-1.8830476618008476,1.0636819218503588,-0.4519445985229371,-6.193535964510995,0.08748414626331501,-0.04371000493118326,-3.6460558611587333,normal
-6.305644882298816,-3.615491169371255,0.9506410682460027,11.430549704192096,10.30769772051663,-0.3831475635293497,1.4201780257631726,0.12098005257360103,-1.6112398126295875,0.4340362986999195,normal
-5.671267268074539,1.6651042583351894,-9.259545320663811,3.1607099425011795,-7.565786619749177,-7.049700620641646,2.6198662856533286,1.4087061799198535,-0.14690529211419204,-0.35849124833317936,normal
-4.531825580034397,-0.15453207244651793,13.074283399724274,-0.4604519016744145,-11.893198855090061,12.308775165925518,3.51325877139215,1.0136770375091346,-2.5495316651262674,-0.9519680788332611,normal
-3.6041086086386507,-8.6156679434462,-3.009551777443982,-0.26789214553177804,0.24413604759113788,-0.9575155744584288,4.0481748588984745,-4.7243373142654725,15.38366198240008,0.0695307698229682,abnormal
-1.890977963686231,-9.126156906894192,-2.9545706092380026,-0.4700967048016764,0.19119642464270165,-0.774220925433525,0.9781787311985449,0.15890884376407963,-0.698023149792195,1.5653684248326296,abnormal
9.005531151672484,11.318969310067827,-9.814138236350935,2.252704709641328,-6.717091256307794,-4.714285498737329,-9.01280817372155,1.0530883764553025,1.8243193904754622,-0.4937643260271567,normal
10.02507386216771,-5.9691382996484705,0.8741909776320239,2.1540177534633407,0.39340627583940174,-1.5044753976190175,3.932440893044863,3.0256550584558832,-0.5858225748240955,-3.9626600972616273,normal
5.434573347649305,-8.437541551958194,-0.13680454170982825,2.1991000095317763,-0.6179003164831763,-1.902854891460746,4.516718239915547,-1.9317455586186603,-3.28577350281282,-8.757583893333365,normal
7.979812495209189,-0.6973383145944266,-2.671504609549497,-3.2079772498679944,1.366214885277706,1.2494373951971,-8.972512023847102,3.2378679794298715,2.5984386090616884,0.7408839703991952,normal
-4.185932863644386,11.455407662314508,-11.465168807647093,-6.420668232462937,-0.25539199668874274,-6.533492969879085,10.136794815866136,-1.7313270565335976,-2.719699994122629,-0.6805011063433999,normal
-8.505991631037967,8.238555971337927,-6.154748992260466,16.076978220127778,2.4523305920268563,-6.926081839075331,-0.3932539043391691,-0.6967995680481363,-1.6380371540108662,-1.0346485830326488,normal
-5.31912875456039,-4.469881716238116,12.190238437943417,-3.0912577066604543,-5.664571384538741,-3.841477605458702,1.3177657217930143,-1.189052998866368,-0.5469381763711133,-0.7153190352442979,normal
-0.9946599071187533,2.1204938287217634,0.33665147864866,10.191477079376103,11.81692901657471,1.2669371737804638,-5.683260030116489,-0.5114054293857752,-0.4493202560538148,2.0401202773719067,normal
4.061704954987347,4.339094749676716,-4.5510105908636005,-10.599422737832764,7.75047789274368,0.727642703564105,4.502319811646343,1.6928060591821295,0.15989751519182474,1.3451636250701617,normal
10.627480010377466,1.3231025371887168,-1.0181234374958794,-3.1297158556813023,2.138404859686457,0.9521560239231328,-11.15190038536092,3.5194615357935692,2.9732171892663266,-1.1021796980088518,normal
-0.20831170388410394,23.57329218234328,-6.7206292979145745,3.986252174152265,12.088741825558497,-3.936100126153116,-0.41610062715671836,-0.22979714912666077,-0.38178531395325505,-0.9136185669103914,normal
-2.9144204231640995,-1.2901598824032832,0.6731814685478519,11.21677601998224,10.89498788228546,-0.3886317322466825,-3.5957932250780256,0.10407429254671521,-0.7749522273927304,0.18498656812858585,abnormal
-6.011691358090665,-2.651108614228868,1.1204274508641086,10.848872574561796,11.04012128955872,0.2871146473646592,-0.7690307705879554,0.8708689475191136,-0.4015110608123631,0.16496590470166372,normal
-11.959965109090057,13.032623437004373,13.91150198847286,-3.3009735439356644,13.511493902395566,-2.3203980746083985,2.91087733438341,0.2909773622169249,-1.4591148332091304,-0.46151701902119424,normal
-6.322730670178211,1.143253553494489,1.46659952129459,13.365497710900803,5.363946850031847,15.713721214845375,0.2695757581133467,-0.54692422823753,-1.8596571484233808,-1.7639575027236982,normal
11.187887573497836,3.928959251308227,-2.4923562923533953,-1.9697175073959705,-3.236220291661792,17.3195090599982,-8.782539044371294,1.1906727728265616,1.9091613778093668,1.2295157053773769,normal
-0.1823019864230773,20.505934169534935,-10.923561009484985,-5.431869381133386,-5.392801123223369,10.707957015628768,3.8117777342113013,0.9396035131378985,-0.5944532631024888,-1.163732556093619,normal
-5.234417738898991,-3.008812089243044,12.326568802733645,-4.11060636875149,-5.63030236073658,-4.075548176844893,-2.356902812293658,2.2822918604004414,-0.5618740421508254,0.010433261629044129,normal
1.3517810515195037,-9.10210051909184,-1.238366944855827,0.9758525134003454,-0.7302141377039483,-1.9350885562178228,3.650569519844454,0.37573970841775955,-2.3740827087834186,-7.113392785872936,normal
-0.5523220530125208,1.123764257813071,1.0678916182562357,9.34485599275401,10.446480493886675,-0.4562054583712974,-6.003375731676326,0.9712556996868342,0.2547980546102876,1.803020454776448,normal
-0.12529706344669672,-9.5637194422763,-2.2188745145177697,-0.3007797213666226,0.5599411160624961,-1.0248673380587614,1.7348729728927659,-0.6355470039559447,-1.9254202539724674,1.5983909278156119,normal
-5.708874007671784,-10.660219959329567,-4.6731895453358625,-2.120091752099088,0.9241861863280108,-0.9835500181847429,-1.6740843404163182,2.8401343504590555,-0.6959941452446899,-1.2778987163757074,abnormal
-5.551774696711547,-10.876194516400476,-4.4016054147099375,-1.8416865921802477,0.8496503872681797,-1.0548351563999814,-1.0994740274523844,2.5386171199786003,-1.0812290278108294,-2.3798947294912307,abnormal
-2.065797355534917,4.634156691082627,-10.883558208755545,3.331429136384281,-7.085722888027424,-6.85738931583618,-0.7505985194364128,1.1090755710919613,-0.6666781903428981,-1.0335397023760053,normal
2.2673454031609497,-8.030270018139126,-2.384858264836047,-0.8439275456974062,-0.09045044850752142,-0.6816240517788104,-0.21791314935268954,-1.5663304925554755,-1.5635441230115563,1.7630255081488841,normal
-4.11317752284749,-8.442509370313587,-1.836412500426342,0.2001271573603694,-0.025260243826243523,-0.8810894722578412,3.3154895911238014,-6.694601194527602,15.78031707955138,-1.799773046767331,normal
-0.6405859590460958,1.9059517111460855,-3.6355068896415155,-10.652721204290554,9.158052850790096,1.250218866488809,6.945459457699564,-0.8875269845182359,-0.9574557671213131,-0.964374496677935,normal
5.828707952348822,7.823272056578091,-3.3584266318930576,-13.57605990997161,10.461574223141882,2.318457665769109,-1.3099911950951537,2.079942095607243,1.5010051251238972,-1.6950668858725242,normal
-11.84435796151568,22.78461349683822,6.013554833525751,2.059670080537366,5.041823801885662,-6.9983531166186115,3.141139728290978,-0.7555525905681413,-2.3051529847370844,0.6850571932467495,normal
10.505589493639173,0.7679554954056811,-1.9604980012608768,-3.803427622280723,1.8535825074058874,0.7353761936161478,-12.524110914378172,1.8292630433704047,2.5169160553696686,-1.0183731398259404,normal
-5.196363480751482,6.929770262204702,0.47588655941888874,0.8785294304568344,19.128027565671236,1.1114229192136098,6.951504896748779,1.115561345313519,-1.7162152022041388,-1.5857007819666598,normal
-5.0746888569321955,3.46564906195299,-9.275235746107416,3.7713122553635268,-8.062890745296764,-7.426228624609473,4.034926427073414,-4.888764826897829,15.725444935836384,-2.722334226931441,normal
-8.982812707809316,4.6279178585665965,-8.9701416547512,6.660558003175813,-13.560014365319912,9.857044860781707,7.061060739340812,-4.722643940133015,13.726732561686667,-1.5113021107827105,normal
-2.1281757471988234,18.770189492415003,-11.07862208569573,-4.772777239900215,-4.869101809169568,10.05854524869226,5.7133302793371845,1.1966328076278019,-1.214036213033431,-2.3125857988388034,normal
-8.328670760772415,1.3999797742946682,0.4935617442139371,11.747267622074672,5.48603148375161,16.68719763420236,-0.9503721525711438,1.837918869076543,-0.8140954634895681,0.38226958551770024,normal
-11.470553684624393,-0.23058803677903883,12.288636209440606,-2.2827600782026454,-10.75395979246725,12.996320129555743,3.1796655509195615,-5.816543172683196,15.008624246744988,-1.945335800712439,normal
-4.017902288998188,2.3226386171804076,-10.765943661839973,2.457999931739285,-7.353093999484524,-6.156263619556394,0.5275750048138098,0.8391082611147622,-0.651061855579278,0.6082640661405382,normal
0.39842887662108106,-8.762271166096872,-1.6344290182309071,-0.8428025004069314,0.2204530170621667,-1.0306810256782921,0.7144098463852457,-0.6864879203843834,-1.3776007828024934,1.5005196813984336,normal
-9.279511085021824,17.312927167454802,3.192766439348385,-9.90244979739512,-4.516049902017923,-9.176303575671042,6.217753129430098,1.0862251170079358,-1.2371961406953726,0.41662944719532224,normal
1.282980956870259,-8.393071853278906,-2.1472158327611393,1.214616495950993,-0.550796528980603,-1.5651444135487165,3.300185254022231,2.65141826609126,0.15317502518818174,2.8484817907146787,normal
-3.8961809803133063,8.27942013330633,-0.05931153234892333,0.52169003443305,18.3673255873863,1.5961307655516483,4.291402287488141,-1.9984787130679023,-1.8615867862621156,3.398531479281772,normal
4.1346326744968325,14.09729953909422,11.084853193897436,-16.152712592277886,4.6877069926209405,-1.89441398959416,-3.6127030022344773,2.8511899256356834,1.5821871761160076,-0.7689558553068631,normal
3.9637651917339505,-6.886380759415224,-1.4028689698555148,-0.1986970403247822,0.34091722569510163,-0.9298564399192929,-0.7847431362113562,-1.4916101118239191,-1.5643697709537578,0.043129216503148056,normal
6.258263261323915,12.820267396266344,11.248891421600684,-15.444088542250087,4.375646887206263,-1.382974485272506,-0.8974072666149084,1.5375106417018625,0.764234585113177,-0.12167078467366571,normal
0.15919095602661495,-8.56191293703986,-2.3767740926679934,-0.9065167341281042,0.04369411722528587,-0.6211490351924907,0.38725755001023016,0.8940315854118169,0.28592194983666475,1.8738824438146062,normal
4.287259186914731,-7.047556675653694,-1.730167394727147,-0.09098101417918909,0.1374655122362085,0.041889801535862595,-0.2536841505715094,0.1388512183782258,-0.6166804305425339,-0.7933757587755979,normal
10.068952754162623,-0.2915183149166649,-3.0647785892235206,-3.1010262657830356,1.230679656803455,0.4877281945800301,-9.11745215567239,0.7181458808817119,1.389136263486673,-1.7468127414638615,normal
-6.288133993943643,-10.732768406054749,-4.768392665473811,-2.2692182028203978,1.0091576819349881,-0.9537507570563949,-1.8385458544675184,3.4726034616904227,-0.5568413741504491,-1.4989495938666195,abnormal
-0.6344103819581849,-7.277712470210801,-2.522807340208098,-0.8545531926463729,0.3916741499708476,-1.0426080822629438,-0.21394902514492384,-1.1060269845779285,0.032935722844298694,0.9052792856227808,abnormal
1.0900129768500786,9.403068386792189,11.231114818623292,-14.96095466316453,3.5888899233712133,-1.6335099394091233,0.31013115591288315,0.45559461582497945,-0.5150633108653565,-0.942017959572868,normal
-5.5358042607395275,-1.9487253297445966,11.95699496982425,-5.328573399879429,-4.701793956011505,-3.8211645809877783,-3.8257520273066947,1.3319748700253609,-0.26905726496894367,1.4290727289198581,normal
5.720637295982946,-6.529982481109437,-0.4128340099398551,1.0567678696546976,-0.5356898280541595,-0.4341529352384213,1.6692591826611116,3.281281800619418,-0.2779275788447135,-1.671938112906869,normal
-1.7788958457990605,-9.727594361698198,-2.909157168073526,-0.8198227896786777,0.12393765578353864,-1.0197417193762783,0.7929237577728528,-1.2409546447881195,-1.8571113987345482,-0.05932695979241342,normal
10.156045282611403,-3.545031991138994,-2.061537332219922,-0.6578753702599354,-0.10709989784239207,0.2914247613216973,-0.37936075386275436,-4.113734003582627,0.0581457671198287,6.831151728846578,abnormal
3.797251202921602,9.608027109564178,1.2078262892487486,9.836092072247814,6.079551842234953,16.71462040803394,-8.585607218806349,3.132454554813802,1.4854879188173369,-1.1723743344940423,normal
-4.471938559934402,5.868680148061787,-4.3765239050691855,-8.731361966484748,3.3456331031303215,16.139585913890222,8.609654553745106,1.1167173879371202,-1.5449286544328678,-1.1828678436491789,normal
-3.1032411994757227,-8.548252378319399,-2.905242966115364,-1.1559793456060887,0.6627287796411974,-1.1146564099017189,-0.6243190246337469,-0.2727728115853801,-1.0619119215025674,-2.145587110182293,normal
11.438803973555315,-2.2401511616637193,-0.5638310116442885,-0.6157491550264601,0.874906288754481,0.504960189656575,-4.003992183876429,2.3965823191286035,1.2188244481354922,-0.6371831568956313,normal
-1.7489055862426823,-8.511718326890353,-2.8340069454007932,-1.2886367329984827,0.153251945405476,0.12050043451979137,0.5852980137645917,0.6403633244887369,-0.7794045614014972,-1.366411936328714,normal
-2.016669807649046,7.465984354675004,15.37619408306539,5.829654264818552,6.249606081170188,-1.1952070922244407,-8.474034433667306,0.9930093257119437,-0.12058314318811597,-1.2327899885920015,normal
-1.9403758342596524,-7.991266608344093,-1.1835770009997812,-0.2128434977200124,0.3053434915983669,-1.2056049063086653,1.3080763114587308,0.9492449090723326,-0.6845763365527485,-0.42425142672525296,normal
-6.068413170125406,-3.3604659826274146,0.9379323610163228,11.329082155049433,10.025189080954542,0.728875163601759,-0.4505337988757135,1.67149158314566,-0.28399231574889083,2.1203394067475188,normal
-6.238395633289324,-4.979580799174791,12.870661310477658,-3.7417927983147026,-5.87978734812943,-3.469912310339417,0.968776401404513,0.7659895600014244,-1.0237549639118237,1.920040975265273,normal
-1.8481494823298328,-9.493538679851367,-2.550032131864323,-0.6139244538144605,0.14651805311344301,-0.2067622749618183,1.0517551881186429,-0.6770494856777416,-1.2766422051683466,0.5372611437663963,normal
4.99667019404376,-7.515962910935805,-0.784645881311679,-0.23362426869891254,-0.2635191312896407,-1.3699414331708308,1.6946047013761274,-0.5431361051826581,-1.1161819769033658,4.754904255056243,normal
-2.076577873730416,-8.31837309867205,-3.1637854110848362,-1.187611644493203,0.2186971850061202,-0.3806671023921956,-0.6869105451626227,-0.16111477806033775,-0.664005621746902,0.20542596888528766,normal
-9.122231595596471,3.506367134276917,16.00537136613851,7.819078934309786,4.892950362898956,-3.0291327464213804,-1.4406910447294807,3.6608506659143165,0.21832590490787981,3.9015211398356073,normal
1.9260368743289085,11.549787968840944,-9.846003386561037,4.075941392883512,-12.835206797478396,10.474287501223204,-0.973625051085613,2.4344414174986126,0.48555406485110414,1.6998260172224615,normal
-4.296709865554878,-3.7391986290235497,12.360590371980097,-4.4241430321069,-5.240196907162492,-4.320357025003194,-1.9645704183434836,0.5080639280779984,-1.364113166791214,-1.3171183349325921,normal
-5.756615781342591,-10.439006257374905,-4.752260289190239,-2.385459953905494,1.087921903251872,-0.8571703318447571,-2.3546066993834467,2.3424997041668605,-0.8557453578574333,-1.4561097694907226,abnormal
2.5080942058571654,21.958477874388798,-11.61428607995567,-6.480369570735624,-4.780807655568115,11.160063113971342,2.747811448526123,0.39706716110854934,-0.31572541136768895,-1.6271746663508124,normal
-6.721778151428288,1.8406050824423068,-10.002973111138374,3.5027237525887545,-7.934166257599392,-6.764149771084502,4.957045004559754,-7.34674198282123,14.156238034557411,-1.935495871103503,normal
-4.685524792765261,12.335306923343152,-10.478873105196437,-5.976242840852499,-0.4160672472727779,-6.372817076381549,7.916285624472175,-0.3409182063821414,-1.6317836244423531,-0.16080740144513314,normal
-4.099101284262773,-4.011512211578167,4.481518491509471,13.774274950189465,9.957471919822453,-0.6415332008186492,7.5990523650275374,-11.477513254511795,12.530054637167517,-7.038603094488093,normal
-5.294499790200396,-10.957732169088592,-4.510673876337251,-1.8298623387448887,0.8136136715425514,-1.0719692769288631,-0.8592396186104049,1.8626356465891425,-1.1216049370012553,-0.5286113319530752,abnormal
11.042005253193718,1.2904950282118781,-3.346063548461198,-3.6171489859811676,1.9017412390828559,0.2658305888715036,-11.651923753833008,2.35264569463181,2.6514438727285476,-2.3515370220586895,normal
-5.383632222274864,7.033300737088121,10.624768974618979,-15.04834568029869,3.4322010295794327,-2.883054748639487,3.052653825737839,-0.5339298702098707,-1.6958754315338809,-0.262981390905463,normal
67.52902280564984,29.172477721158618,1.6476989522112444,-6.179426264706125,4.704357286859111,5.375512816689622,-38.04235317524858,-16.61149612013794,9.398496570277912,27.567784202438368,abnormal
2.641719906360842,11.65648837384952,11.948087409025844,-16.21574420450543,4.5833137607915475,-2.304788765139858,-1.4623154126756,-0.030820541396611556,-0.2813058569862519,-2.426850242534921,normal
3.714176596727717,-6.84733937892566,-1.2706965587600996,-0.8222710048397456,0.43121543737937756,-0.3493387401469467,0.0011800321355923391,1.886999300198656,-0.551072222953465,-1.845126944760276,normal
1.870220715252067,-7.821428732279006,-2.1410766780506636,-0.4498510455259374,0.48941452566308175,-0.7861960910076168,-0.30084544600219404,2.2479064315622197,-0.13827464755424307,0.40907744561484166,normal
-7.956094893321804,0.966285309805927,11.518528057668325,-2.5850077900653554,-11.49409939190455,11.511308274121102,-0.22036975072474715,0.5487347614981193,-1.614015143543655,0.16370987575199777,normal
-5.739845931597337,8.182159074584233,5.334214781710883,1.7655989877502662,-14.016060400530632,-11.097090160463942,0.8167390694142164,3.0557981236321736,-0.5568189331826531,0.455010631486074,normal
8.885813165248708,11.217266993010739,-9.584011422177621,0.9270909956012814,-6.572918625307417,-6.023764785591069,-9.488592857058048,1.1081012270694677,1.7705025051955672,-0.5022930343731632,normal
-5.289049603887572,-4.125887504969612,12.944745626365572,-2.873531620623984,-5.528830174249661,-2.918904781743316,0.7833411522333233,2.27978669069314,-0.41205442885772614,-0.14575800097182615,normal
-12.69295708319671,11.440404177824416,8.54267010375813,12.691014714900783,-3.086778966107507,-9.661903835986763,-0.6140823023033325,-0.09572113517837207,-2.408512363358228,1.7688789637920217,normal
-9.048336288166539,2.66703503972539,15.311963426275101,6.141578005114723,4.929474294836491,-3.0632295889300383,-5.517216108183829,1.4856430896000048,-0.692334461533795,0.409370903256316,normal
4.80498317038666,-9.626399307159492,-0.3463750901652251,1.9391710654208991,-0.694512238000664,-1.1939294093490342,6.295259650120732,-4.181981520173648,-3.456870877179832,-0.7375306953703432,abnormal
6.839119377201445,5.523482177092893,13.408501150089915,-6.186929965645503,-4.208069775402596,-2.635478947933525,-10.124874340139085,2.6520700400316395,1.9575772863918546,1.4116248894165118,normal
1.6877187489789252,-8.82670303941653,-1.3103829409175427,0.2901559232805784,0.1874759457191268,-1.3450351925481785,5.045712555090715,-7.925399857932595,-3.3822199553335413,4.017110584485183,abnormal
9.693633703177426,0.022010301347454835,-3.1379377766896948,-3.574792774336499,1.885569015595543,0.7712656487562385,-10.673357683686527,2.6748960895424445,2.3625235114752057,-2.121020255970037,normal
-4.841722012636335,-1.5979495155281427,0.7006630007574444,11.45681200529165,10.715849377322364,0.3469117695944687,-1.0953688061015703,0.8823382221648866,-0.2996646729450926,1.1208843288926311,normal
0.45658699031332367,-5.759617096059135,-2.435130080249292,-1.5963476074155842,1.221833821158464,-0.21153786720316692,-3.009199161850138,-0.13457449403327035,-0.4687385874341309,0.6914871771618661,normal
13.919976810212523,-0.1150037321026363,-2.3610317710042596,-3.4581910759274868,1.9146100784264792,0.9282247686571458,-11.220095269823053,-1.3883514685525389,1.6059445111831323,1.3693948736173367,normal
-0.6704713656682099,0.817751002324606,1.1700505787786089,8.827876027557677,11.224942199673471,0.9178331549486328,-5.429183120756285,1.488486353045933,0.1024868828018928,0.5829465601337074,normal
8.998555044801499,12.010263407010836,-9.390557189642154,0.998458855297153,-5.7693732642421205,-6.053120500183812,-8.876824824933172,1.4803552310555326,1.345985840409245,-3.822986731414708,normal
-5.881205049477843,-3.631250591522772,12.582608550234733,-3.3413386425923908,-5.340781922265313,-2.8139584953599965,-0.821927356446629,1.1583096223913967,-1.1872803599034538,1.4230223242752629,normal
-6.609389631847645,-0.48312946928128936,-4.8126351178948745,-11.470383898758033,8.705145970666592,0.5369003152113363,9.073758553884254,-5.885462669460495,16.464878443591697,-2.664991151992511,abnormal
9.352741407718048,-0.6886842607827075,-2.983785830628935,-2.758202077658804,1.386093706315064,0.033579811024135625,-10.608115105320898,2.2675954999210184,2.1924924800919934,-1.5983504200566734,normal
-5.600118529031876,-3.7867922673951084,12.056873894724198,-4.06221635874211,-5.878972351448506,-3.3543116232890404,-0.8308855016878262,-0.14168471443808436,-0.3307112681591604,-0.4928265566272183,normal
-0.17981693402715027,10.141616854342145,-10.240125145781201,3.654715604499406,-12.530031392161167,10.14664419629769,-0.49443625344237147,1.7418724420262734,-0.5903167165404553,-1.4742141264129218,normal
-2.3377651556549455,3.1707021044482184,-9.911902681749634,4.285513705586051,-8.77373808506345,-6.85303590861018,2.4185583855465667,1.4852110686827797,0.1657075640411048,1.6075921743248702,abnormal
55.32027233824824,-4.405546328700223,21.931779478055056,24.811899990293785,-8.404006724109212,-7.880437828335811,59.53372543659539,75.51867671674879,27.444613338593996,38.889618501942685,abnormal
1.6812838966493604,-7.553720238164219,-0.6200899859378938,0.5800499997599228,0.20146733575468892,-1.3028678938474345,1.418993134181403,-1.7316298455005952,-0.9133663852373072,-3.5250185192229786,abnormal
1.0407480689427608,-7.891083972797009,-2.46163756298434,-0.24837020810976163,0.2502203420984947,-1.3890627169412966,0.0142656088924395,0.1776210959838781,-1.557242148224013,-2.3375616718889463,normal
1.5149554929947877,1.1793116521246358,-3.5482190861772698,-9.86122497068557,8.46416249957087,0.2895531077864413,7.77579440843936,0.15497465093077017,-0.6156505222044054,4.593615944007768,normal
-8.16068461991187,3.395676234487578,15.861291208333574,7.794623825064469,4.884184722720315,-4.189147841167037,-3.1031093438802184,0.22351580697088294,-0.9490288712256246,0.05782154243028706,normal
-6.661474444948024,-2.7865057905977477,0.8157650682816305,11.346038312815143,10.78183289644339,-0.576344187811734,-1.2893539389870257,0.46093778837731353,-1.1025951265009384,-0.040940637245609916,normal
-8.233452127303238,-4.121253904708933,11.541149528081077,-3.9525971855560322,-4.584418844870888,-2.259896131459883,-1.0202403619604694,0.517567685996006,-0.24694908143180308,0.38010314886450985,normal
5.419429625224207,8.771545495001032,-9.83144447964075,1.4169120130413655,-6.237892524298475,-6.365457964619473,-6.117424717714036,1.048503524749536,0.7757190561982201,-0.601991341981572,normal
-6.5390464031595465,-6.053439142270158,-4.046067247082299,0.3511849559371448,-5.903646853514173,18.22878277353143,1.242515830187351,3.0013255404248795,-1.4987562659553464,-1.558986544467927,abnormal
-6.917236235718916,8.984519783619353,3.378216685007773,-0.9807757081247271,-12.981650370206877,-8.839798468929063,-2.6553526650743544,1.1258962500060852,-0.9400105453374186,-0.6959717844027548,normal
-8.692467273614248,-3.4193886963229776,1.4596962740338093,11.569852595521791,11.376183412243792,1.3455592872671907,1.6796350648527445,-6.563980261433605,14.555302177761545,-0.6656975157459465,normal
-5.432740667592004,-2.629949475810492,0.41208086977449354,11.087588078338143,11.363892867257038,0.697904765456477,-1.950336274069227,-0.8770540783205932,-1.3530134530400932,1.0979216971333818,normal
-5.070640568464169,-2.39820458809065,1.820314469353095,11.169075572183223,10.760921601804071,-0.45116449511377904,-1.2005835224528747,1.3053121445899096,-1.1255660966742287,-2.3395462218448824,normal
5.275433923623303,-4.245934036942778,-1.842812236996337,-1.9367919049080995,0.9054379900970774,-0.601389224125074,-3.0759812882384887,2.683045702341494,1.0619697796113279,2.6661754182863575,normal
-2.0722290839350026,-2.947900357107881,13.410929899363284,-3.1523133375769623,-4.604155301958193,-4.144976765034239,-0.2877177736090127,-2.0595952047222026,-2.923317303839706,-1.3625428277539657,normal
-7.482450974045378,-3.153206039322561,0.6702416117252469,11.373229784678562,10.817789799725668,1.2601534255161126,0.7387529956997679,1.9464985280614429,-0.5413220166917702,2.390661610267132,normal
-7.588801857509509,0.6978953734377087,0.9920553958938625,13.283265387745994,5.046289173193953,16.004744516484156,0.58095733122539,-0.7902952175021744,-1.4071074955692366,-0.7779400669557685,normal
-4.6347271924000655,-10.013820850190083,-4.561265919960605,-2.3244944145493704,1.0638257072293429,-0.8524005945181582,-2.4771389694660932,2.270898527518212,-0.8134446677099196,-1.4458621471647468,abnormal
6.593628458149945,-7.846222474192692,-1.1459150919057528,2.0203842075314804,-0.6214784796480278,-1.589551537000726,5.4073516988189,-1.8800761277171383,-2.3926633314846626,2.0328015461395603,normal
-8.885375437419428,17.828718923765525,-7.732354655378014,4.2504520560796735,10.54194228025521,-5.808173712730169,4.990830417937437,-1.0365046909558855,-1.985411939433277,-0.4477360581987593,normal
0.006848388849612367,-8.05678621859762,-3.2076172820190263,-1.0535885487394385,0.3906884315624077,-0.494543059696188,-0.8539137103473221,-1.0058710508992268,-1.6201598460353215,-0.6341643726360564,normal
-6.872558853275199,-6.768636269564548,-3.1631506025158456,0.9282484446356499,-5.418893991114592,16.173494941365842,5.477203662007307,-5.323593454584775,15.367968824575154,-2.4771062412369687,abnormal
9.612678574234408,11.074707792339252,-8.63561829929273,3.079946310592621,-7.008098767496535,-6.411368731630297,-6.386110721377835,4.431425501812879,2.505584808127569,0.9308009212930255,normal
8.815097750165812,9.818849301840888,-8.994245374001572,2.8853750333029096,-7.07975774057431,-6.09655556896605,-6.547516249346125,0.9784319498602717,0.7607936952167387,-3.0234940389011644,normal
9.573145901693792,10.279686079189569,-8.869339127440167,2.3492060198353055,-6.641021456147599,-6.178482970727068,-7.5875341015002356,2.833861852522037,2.1250402708492806,-1.0189528607588767,normal
5.986672317717364,-3.6157927683550724,-2.147133936760151,-2.3569579740330218,1.2972141416905185,0.2887603045035862,-5.884333331946682,1.1389570253763752,1.0756703033159651,0.7646965791784812,normal
15.363024131779627,-2.911292173005609,0.35360209108187624,0.3628056357165656,0.0033925653582125136,-0.04278776405029139,-1.3482814925625886,0.20719581650298047,0.3944969579290455,2.5241437608953525,abnormal
2.166491828730165,10.526911650557123,11.458089895467605,-14.992361338184235,4.566311160136614,-2.4238672461012443,0.432564219174244,-0.21480022304974256,-0.7211044415015536,-3.309975681521423,normal
-9.016796159051152,8.638729139147442,-5.950510369834254,15.099023437974441,2.884129013138766,-6.654969253211454,-0.2994570099474611,-0.3265008471648816,-1.4959694211100554,1.579572275118065,normal
-5.655273186715276,-2.9355966891321685,11.925025901537866,-4.102221305474409,-4.870656264634574,-3.05589279422592,-2.564408459910826,-0.8531321247828982,-0.7925795217491776,0.8305259728507358,normal
12.191797537015914,1.2108761676775912,-1.662723274145021,-2.5443230274260435,1.7782720333838982,0.04683060575412042,-10.546592796274831,1.93929057948904,1.9756102041645587,-3.4193133240070868,normal
0.26254332747198794,-7.262026034650343,-3.7167272786158523,-1.1312456198142247,0.18034151227350284,-0.9821863005057184,-2.374073946381629,-1.4716681055867566,-0.23378789581008144,0.05373447400071992,normal
-8.102006069101034,11.3993130257326,14.420752289268613,-3.233574237284477,12.911672681697024,-1.6658869971093786,3.637390004312562,0.3487788730267189,-1.9866339629361225,-0.6271089749977137,normal
-1.801881112627128,-8.074056956210658,-2.229988700204984,-0.06996552129512089,0.17613580043316748,-0.4017897717034831,0.11917688201267623,0.2388422339461124,-0.6616762255549984,-0.6419991070183202,normal
-3.967244518117574,1.3881726234678358,-7.959599768471422,6.191246381934877,-8.532638720478884,-7.919391362193104,6.800670776623819,-4.852093893997835,15.500945176664848,-6.777513171254785,normal
-4.9185819984347505,-5.788336339601882,-2.798567824588219,1.441720938064714,-5.575937597299953,15.958061693903835,2.9250873424613255,0.7735018370765282,-1.2337742782450074,0.8320031653506597,normal
2.4422524728918336,1.3547726290514026,13.08540145416898,-6.202874105213305,-4.386853954573964,-3.3781334059386428,-8.347039339960313,-1.0572870740716447,-0.3626501872807347,0.16955458936904205,normal
-7.277536673483018,-0.5765098242410891,12.47247913212835,-2.075399228178061,-11.205160785495643,12.262464733710381,1.5990124536422299,1.064140447350438,-1.4137016483546607,0.3362616001111186,normal
-6.555135740532932,3.64989094756616,-5.023616307410411,-9.209943695940227,2.598306660462519,14.819692633230769,9.984201549367375,-0.28988165221625706,-2.7902141148295705,-0.6459673743908553,normal
-3.8970819157337115,-8.991795923043693,-2.264260571342889,-0.07323137751470794,-0.725650405639489,-0.8942790206125665,4.102394803520966,-5.752878211195591,16.0990165942221,-1.0968687468412817,normal
0.12432619022357744,3.560470934909553,-8.565637374821055,5.12424707151646,-9.139466897358082,-7.090834066147205,2.5561376136611065,-0.50632894826895,-2.511646244214116,-2.8613441155816766,normal
-1.842969729946259,-9.06567485526321,-2.592018375376628,-0.6438120556604932,0.6541302937500311,-1.398985903260798,0.555185427068659,-0.0936032653419582,-1.1089528896029164,-2.5953040644095373,normal
1.580760438974005,0.29755820215582074,3.748128817004953,12.78935938866708,10.667446260963805,-0.7994389178605944,-0.27926880832235834,1.5699582528610134,-1.1127289327005485,-0.5732750585185314,normal
-0.20814067234385772,-1.0000374270370316,12.584995453923819,-4.014573690235484,-5.74488199722329,-4.4779021633156955,-1.8043340087322035,-0.9447666581487421,-1.6953462133366908,-3.1374645705599695,normal
-2.025990286521919,-6.718556926303251,-3.0509197536159,-1.0585922953563356,0.5778748760742491,-0.4187052625910376,-0.5227898945228797,1.190220824801207,0.611575904495411,1.4668019298794512,normal
-8.941772771691845,5.159818800890349,-0.5791103230595693,0.9834419360730237,18.685720891672492,0.9704575055704584,6.947549565359192,0.4791011304002836,-2.098295393570131,-0.0801296105294323,normal
1.610892457808789,-7.248978606843793,-1.7794692011461,-0.7959693155798224,-0.010317620341121953,0.459485790939348,-0.8081929011410673,-0.49986880381248866,-0.9722060996056439,0.24647619841920332,normal
-7.421179705031929,18.290659610990154,-7.128342156410853,5.028274158135877,10.73204471829341,-6.007468373106829,5.770446805450454,0.637245107139705,-1.6562793715188149,-0.43289133340260444,normal
20.518948072002747,-3.009540390273595,-0.6232205916324728,-0.20619116365140902,0.034802055843570344,0.4384012467558552,-1.0909466140705308,-19.09880555608091,-6.1357378450591895,11.236628837426185,normal
-4.727071650474896,-10.019721958870793,-4.51057870114749,-2.2623281671134694,1.094550019860778,-0.8607769522153182,-2.467676068917756,2.438853080742863,-0.7974364668882334,-2.065178788052955,abnormal
-5.367659913341641,-10.686610799646735,-4.552184556075665,-2.055714180987383,0.8933101520051371,-0.9968718974780629,-1.5733960974359664,1.9647354140900763,-1.16424430962145,-1.79412369425201,abnormal
-6.450937113396574,-3.6932229242154397,11.210328641727127,-3.0528042054659252,-4.495538149781856,-3.2881853557473764,-0.46492603087616546,1.182307142222772,-0.6426558471632161,1.544539317925752,normal
6.6004964936016846,-5.490128126194232,-2.5271412411294665,-0.9865684204447613,0.07487851649078399,0.4698523624654397,-2.09080671033208,-3.5647293441576653,-1.765667714991056,2.431717916864254,normal
3.063738972954015,-6.192569181132034,-1.326301793264426,-0.49197839895419915,0.5112559865395325,0.10632200030526724,-1.836647570582575,0.4699384117795814,-0.9827413922992987,-2.4528653706087775,normal
-13.296692949574709,10.227252915629414,-5.435101380204833,16.969811987517343,-4.52943329405158,9.574800093191731,4.64931768934005,-6.40524497338632,14.782676331731617,-0.6715963472527909,normal
-0.9630966326415308,-5.870053451563971,-3.564685315947875,-2.042384169141665,1.227851668470659,-0.9054675926421927,-2.2654450067428726,1.2317429431428069,-0.39301802726921814,-0.7873895359912116,normal
2.924639447019929,-8.166164913778864,-1.8375747626883674,0.26468840473369853,0.612790876775596,-1.0320474907120822,1.3532492416884923,-0.4157336849455047,-1.2784584397364114,0.974165599069095,normal
-0.5651829604485021,1.7235737881748883,-5.6752585239059625,-11.970790635605907,8.534261319947163,0.20781837048643848,5.737109934904034,-2.3702777790679193,-1.8319566593805443,1.3719589847770413,normal
-10.674697117677407,13.656370484220666,8.396744410980762,11.316832786680354,-2.456461945277281,-9.227215801289836,-2.523072810751845,-0.15302744161113482,-1.7578251775070375,0.5084344656987462,normal
0.7173679869272108,1.595476603897062,1.7196357230987538,8.559741002580871,11.371592836215472,0.8011480201815748,-6.023625599417726,1.1255136350910726,0.1118240033217344,0.44651073467150015,normal
-1.241173777219646,3.1749472678972523,-3.2565338007680475,-11.108903076244832,8.836885007507183,0.6564336301371235,4.906236650132464,0.7515274901464861,-0.6114072810171632,0.06215034264287182,normal
-3.4432893495002936,12.719819634565233,-10.934924861725666,-5.9206034172455055,1.343139425560317,-5.757717857346794,8.162939299849512,-0.47710247948893436,-2.151720294699777,-1.4745261026376955,normal
-4.2831250369903096,16.315160298911632,-11.108404029325047,-5.53294511008336,-4.7495965691421675,10.78889104340658,8.931625260500935,-0.4817495324326868,-2.244127421312918,-1.1390940912891956,normal
-0.34379324380995135,16.529153169782273,11.762243480549689,-14.316073825371861,-0.883031849376121,14.370179146942295,-0.5097789145470484,1.3886804816297864,0.14858674151923945,-0.8354471966237841,normal
62.10848323709924,5.400560043407219,15.828029793965877,12.636734109295286,-4.868032374923892,-2.6263709792612304,18.224704404502063,-1.8564736917521505,-1.5277343658615874,-4.4456175981732375,abnormal
-8.048485849937467,6.196253189800835,-9.838119706184218,5.744952198555855,-13.235886666703665,8.926777880559403,3.7908401660915723,0.1698578973115991,-1.3751838129303988,0.935291352500762,normal
6.842454826491102,-3.9872587302636444,-0.6155115275104396,-1.2222660592251586,0.8884837537418738,-0.1579654050044224,-4.478052926755432,-0.5999686952804316,-0.5455192407170857,-2.4928242757089003,normal
-6.158244358423081,-10.607301170609706,-4.894802529860525,-2.4787120166764405,1.0467858001438708,-0.861973515240884,-2.2926470319145733,2.2619234635220047,-0.9140963494910894,-1.0203513920908092,abnormal
71.57719128120482,4.854162328121995,21.302119514944984,16.703185396230943,-5.238968267157535,-2.762812817200554,28.39064659575675,-6.242194320059069,-4.944618652849364,-2.3241239996885623,abnormal
-7.67977117007919,-2.3666957925201544,2.424010536083714,11.257578488020544,10.227527563252503,-0.2885874025897463,1.643102247992329,-5.359565489949232,16.58900324970837,-1.605150579640617,normal
-2.211213054090404,-7.443224266407934,-4.1749018719737245,-2.2329232675434807,1.043125599363143,-0.9918875775656709,-2.3368173936969034,0.9090743853730069,0.11131310608649543,0.8286184799984774,normal
-10.895269427852295,16.469433569551974,2.506939422485422,-10.895359943020319,-4.781001730141972,-9.091266750449568,6.6593592939520265,-0.8070962919498,-2.2990022729684947,0.23755787801456862,normal
-0.7453403290607316,-8.312959582803424,-2.665082016529062,-0.9245521921546538,0.13393758012664675,-0.3736226584639157,1.3811863007028928,0.33221186574616635,0.5236371947326277,1.6961463707821354,normal
-1.1723675382734717,-1.909604775852812,13.425397000984937,-4.9225517447801534,-5.32936549134094,-2.8174533373860817,-1.790699064379144,-3.476807663844023,-3.11064249410857,0.21975146211477684,normal
-6.815110580172099,-3.1237646628392706,0.3137722591083041,10.08055573724944,11.253647316136787,-0.5214283604220257,-1.455027485687291,-1.0298392846423052,-1.9439838220348609,0.627435450473702,normal
-1.414291989307842,-3.06836563917975,-3.3485553103241634,-0.1495289636886286,-4.9897252405826285,15.373935228319112,-0.8963527194340828,1.9850629477251467,-0.09937709042519337,-1.7023956024892448,normal
-10.73750703358939,1.8181776691786293,15.06904853184609,7.620036102812043,5.086085845754396,-2.7795475390333126,-2.5773872256631187,0.42806868248186464,-0.9150321956365578,2.356355102136464,normal
-0.3885807217029497,-7.122739763301777,-2.2996367180194497,-0.97782225653915,-0.09447994162602147,-1.0303394170620952,-1.2494621114806739,1.168474392449223,-0.6679458053304913,-0.8094684310685015,normal
-6.721470973304601,-10.906676239029931,-4.867233092763557,-2.3354434041977505,1.0449922638510325,-0.9209675966508163,-1.9332869604187444,2.483716313215734,-0.9636184552819556,-1.7668746783088833,abnormal
-6.512926026671538,-3.167987311116206,12.263734557469192,-4.081129092690376,-4.471628101325586,-4.25941519947608,-1.4497931366578896,-1.1556079987387755,-1.127714243666229,-1.2878958010525623,normal
-5.464231558868602,-4.720295398153365,11.930774348100393,-4.563249391232544,-5.624772542831841,-3.9766734014209177,-1.2555696077376424,-0.5133900865757196,-1.8025478002438005,1.5442056465501899,normal
1.3052624241879824,-7.825871760455335,-2.084179541704614,-0.4543910627847185,0.48199304904029044,-0.8057871882318892,0.057854797768747614,-0.13908060375726747,-1.5344180131004437,-3.9012153167886883,normal
-5.299951629797156,2.5393689961666537,-9.124156174284195,3.2204004007540346,-7.1826591437201825,-6.358495342997705,2.260216137640726,0.8678691889233705,-1.3263514127499954,-1.837170922421762,normal
-5.778462575150285,2.476662250478049,-9.759525618334612,2.825059104634697,-7.496027817030933,-7.500830644346009,1.0616668101910367,1.6933155660580796,-0.9807215929576084,-0.8989739545148261,normal
0.12487175141342995,-6.617061346504468,-1.8840902672299322,-0.7393810982450291,1.577883880660902,-0.8038099103862764,-0.02289228993196091,0.19974446572083132,-0.16810648235289022,-0.5237455169937929,normal
2.3990199790177726,-4.402577257365892,-2.113706289365903,-1.6992417889807467,1.017994310609294,-0.9095295460992125,-3.7069997281374722,0.7369918728686993,-0.04720509181007961,-3.724346477792608,normal
19.517441670957563,-0.13442451208428025,-1.958731091707618,-1.326811854275015,0.44143759470568195,-0.23781323323205997,-4.55629610509335,-8.946176985667934,-0.9977918486926306,12.056059272095446,normal
0.34809525953398096,-8.23808631059547,-0.9271742620929703,-0.15300360044671127,-0.8682157273336503,-0.23154206194495222,2.1746090981817066,0.14091073246457247,-1.5495275988671902,-0.9991057027860302,normal
-2.6272964995401313,1.4353445847381796,-10.326729603573536,3.6503155998391765,-7.342407787035329,-7.048130759492918,2.362885948620406,-7.255596510046773,-2.7014117511848865,6.557951975744289,normal
-0.5813000132209759,-5.6132824965001715,-2.2081451919754307,-1.1705185991240115,1.0993135969378507,-0.6705618033172133,-1.1426672719545246,3.374736274904397,0.19480125320069985,-1.5971169735661936,normal
0.2682627939038914,-8.276711003424532,-2.2082263876483035,-0.2057349897369608,0.2121070022456627,-0.8528150290657462,1.9059195741777837,4.14265954078273,0.8994107708054294,5.182122092157434,normal
2.766390610528762,-7.87419646002463,-1.0875249679414376,-0.22911957681780962,0.10521557911097425,-1.0892931039943978,0.27832964741184396,0.7710262599619628,-1.2537320752192334,-2.15049715271628,normal
4.055800113692228,-3.333460508295356,-3.4949159365249143,-2.4250587370388,0.9252217095255523,0.03547930395441046,-5.244549528931261,0.3584489314183861,-0.09571089427125723,-1.1803102623165607,normal
2.1682542952680057,-8.03894127686784,-1.14736079995039,0.7940316644605748,0.16015573471890968,-0.8257699647573947,3.585186222376917,-4.785341368888208,-1.9010745083207574,0.4785117847530117,abnormal
6.950722295069982,7.929928819994217,-10.47761328290484,1.3083904080141242,-6.9167708646477575,-5.970414911952934,-3.9242899574786603,-4.553407666554003,-0.9617489957117216,5.109186955559302,normal
6.118020819021738,-2.932573098284774,-2.2648238423294145,-2.3916055715076685,1.2687823529026117,-0.12051483558029177,-5.695685680636408,2.9094945889068167,1.2484105453771017,-1.5793353871954185,normal
